benilla-namecache	1	5875	enUS	VMaNGOS
P	1	0	0	0	Cathy
C	3782	4	0	0	0	0	0	9011	Shadethicket Stone Mover	
C	5932	7	0	2	0	0	0	487	Taskmaster Whipfang	
C	11458	4	0	1	0	0	0	2078	Petrified Treant	
C	3258	7	0	0	0	0	0	4745	Bristleback Hunter	
C	16399	7	0	0	0	0	0	2557	Bloodsail Traitor	
C	7447	1	0	0	0	0	0	10807	Fledgling Chillwind	
C	11371	1	0	1	8	0	0	15182	Razzashi Serpent	
C	4646	7	0	0	0	0	0	9420	Gelkis Outrunner	
C	9528	7	0	0	0	0	0	8657	Arathandris Silversky	Emerald Circle
C	1942	6	0	0	0	0	0	858	Rot Hide Savage	
C	6349	10	0	0	0	0	0	10897	Great Wavethrasher	
C	3138	7	0	0	0	0	0	4339	Scott Carevin	Mushroom Seller
C	757	7	0	0	0	0	0	152	Lost One Fisherman	
C	390	1	5	0	1	0	0	377	Porcine Entourage	
C	8018	7	0	1	0	0	0	7250	Guthrum Thunderfist	Gryphon Master
C	266	7	0	0	0	0	0	1741	Wiley the Black	
C	9700	8	0	0	0	0	0	5560	Lava Crab	
C	1815	1	4	0	1	0	0	1082	Diseased Black Bear	
C	6352	1	21	0	1	0	0	10947	Coralshell Lurker	
C	3239	1	0	0	0	0	0	1538	Thunderhead	
C	440	7	0	0	0	0	0	6033	Blackrock Grunt	
C	925	7	0	0	0	0	0	3346	Brother Sammuel	Paladin Trainer
C	5464	7	0	0	0	1	0	3249	Watchmaster Sorigal	
C	4356	1	11	0	1	0	0	11315	Bloodfen Razormaw	
C	3926	7	0	0	0	0	0	897	Thistlefur Pathfinder	
C	2844	7	0	0	0	0	0	4477	Hurklor	Blacksmithing Supplies
C	4775	7	0	0	0	0	0	2811	Felicia Doan	General Trade Goods Vendor
C	1193	1	0	0	0	0	0	1004	Loch Frenzy	
C	10904	10	0	0	0	0	0	7804	Andorhal Tower Three	
C	5262	1	9	0	1	0	0	3188	Groddoc Thunderer	
C	848	7	0	0	0	0	0	257	Madison	
C	8026	7	0	0	0	0	0	7275	Thyn'tel Bladeweaver	
C	1212	7	0	0	0	0	0	5548	Bishop Farthing	
C	10780	8	0	0	0	0	0	10091	Infected Deer	
C	12380	6	0	0	0	0	0	12430	Unliving Resident	
C	746	2	0	0	0	0	0	625	Elder Dragonkin	
C	11724	10	0	1	0	0	0	12152	Hive'Ashi Swarmer	
C	674	7	0	0	0	0	0	7202	Venture Co. Strip Miner	
C	976	1	2	0	1	0	0	320	Kurzen War Tiger	
C	1477	7	0	0	0	0	0	1509	Christoph Faral	
C	12425	7	0	1	0	0	0	5908	Flint Shadowmore	SI:7
C	1985	1	5	0	1	0	0	6807	Thistle Boar	
C	3743	7	0	0	0	0	0	6824	Foulweald Warrior	
C	7505	7	0	0	0	0	0	6630	Bloodmage Drazial	
C	14423	7	0	1	0	0	0	14472	Officer Jaxon	
C	2079	7	0	0	0	1	0	1285	Conservator Ilthalaine	
C	939	7	0	0	0	0	0	4446	Kurzen Elite	
C	481	7	0	0	0	0	0	2333	Defias Footpad	
C	3987	7	0	0	0	0	0	2002	Dal Bloodclaw	
C	4166	8	0	0	0	0	0	1547	Gazelle	
C	6145	8	0	0	0	0	0	4878	School of Fish	
C	2134	7	0	0	0	1	0	1637	Mrs. Winters	General Supplies
C	960	7	0	0	0	0	0	4336	Gunder Thornbush	Tradesman
C	474	7	0	0	0	0	0	2359	Defias Rogue Wizard	
C	1538	7	0	0	0	0	0	2466	Scarlet Friar	
C	478	7	0	0	0	0	0	512	Riverpaw Outrunner	
C	989	7	0	0	0	0	0	4559	Banalash	Trade Goods
C	8534	6	0	0	0	0	0	7854	Putrid Gargoyle	
C	5716	6	0	1	0	0	0	6701	Zul'Lor	
C	793	7	0	0	0	0	0	3356	Kara Adams	Shield Crafter
C	2977	7	0	0	0	0	0	7246	Venture Co. Taskmaster	
C	8978	7	0	4	0	0	0	11511	Thauris Balgarr	
C	3522	7	0	0	0	0	0	1633	Constance Brisboise	Apprentice Clothier
C	633	7	0	0	0	0	0	1571	Elaine Carevin	
C	843	7	0	0	0	1	0	3260	Gina MacGregor	Trade Supplies
C	6116	6	0	0	0	0	0	10702	Highborne Apparition	
C	16043	4	0	0	0	0	0	16021	Magma Lord Bokk	
C	2329	7	0	0	0	0	0	1296	Michelle Belle	Physician
C	4887	1	21	1	1	0	0	5027	Ghamoo-ra	
C	5467	5	0	1	0	0	0	12812	Deep Dweller	
C	573	9	0	4	0	0	0	548	Foe Reaper 4000	
C	2545	7	0	0	0	0	0	4641	"Pretty Boy" Duncan	
C	12137	7	0	0	0	0	0	12230	Squibby Overspeck	Zeppelin Master
C	2650	7	0	0	0	0	0	6480	Witherbark Zealot	
C	124	7	0	0	0	0	0	384	Riverpaw Brute	
C	1719	7	0	0	0	0	0	1865	Warden Thelwater	
C	5944	7	0	0	0	0	0	4614	Yonada	Tailoring & Leatherworking Supplies
C	598	7	0	0	0	0	0	308	Defias Miner	
C	4590	7	0	0	0	0	0	2633	Jonathan Chambers	Bag Vendor
C	6505	1	0	0	0	0	0	5242	Ravasaur	
C	4676	3	0	0	0	0	0	10906	Lesser Infernal	
C	99	7	0	4	0	0	0	3320	Morgaine the Sly	
C	6073	3	0	0	0	0	0	10905	Searing Infernal	
C	3507	7	0	0	0	0	0	252	Andi	
C	773	7	0	0	0	0	0	7164	Krazek	
C	4624	7	0	0	0	0	0	7102	Booty Bay Bruiser	
C	1085	1	2	0	1	0	0	698	Elder Stranglethorn Tiger	
C	5938	7	0	0	0	0	0	4604	Uthan Stillwater	Fisherman
C	5516	7	0	0	0	0	0	3309	Ulfir Ironbeard	Hunter Trainer
C	114	9	0	0	0	0	0	378	Harvest Watcher	
C	154	1	7	0	1	0	0	1105	Greater Fleshripper	
C	10879	7	0	0	0	0	0	10187	Harbinger Balthazad	
C	8977	7	0	0	0	0	0	11543	Krom'Grul	
C	3463	1	0	0	0	0	0	2193	Wandering Barrens Giraffe	
C	2104	7	0	0	0	0	0	5409	Captain Stoutfist	
C	7999	7	0	3	12	0	0	7274	Tyrande Whisperwind	High Priestess of Elune
C	766	4	0	0	0	0	0	697	Tangled Horror	
C	6243	7	0	1	0	0	0	1773	Gelihast	
C	870	7	0	0	0	0	0	2365	Protector Deni	The People's Militia
C	1097	7	0	0	0	0	0	7200	Venture Co. Mechanic	
C	14438	7	0	1	0	0	0	14492	Officer Pomeroy	
C	646	7	0	1	0	0	0	2026	Mr. Smite	The Ship's First Mate
C	3261	7	0	0	0	0	0	6077	Bristleback Thornweaver	
C	4159	7	0	0	0	0	0	2213	Me'lynn	Expert Tailor
C	4811	7	0	1	0	0	0	2886	Twilight Aquamancer	
C	4648	7	0	0	0	0	0	9422	Gelkis Stamper	
C	9467	7	0	0	0	0	0	10642	Miblon Snarltooth	
C	2212	7	0	0	0	0	0	1013	Deth'ryll Satyr	
C	5774	1	0	0	0	0	0	207	Riding Wolf	
C	730	1	11	1	1	0	0	8472	Tethis	
C	14326	7	0	1	0	0	0	11561	Guard Mol'dar	
C	3491	7	0	0	0	0	0	7093	Ironzar	Weaponsmith
C	1414	7	0	0	0	0	0	1473	Lisan Pierce	
C	6497	7	0	0	0	0	0	5237	Astor Hadren	
C	8596	3	0	0	0	0	0	7890	Plaguehound Runt	
C	5517	7	0	0	0	0	0	3310	Thorfin Stoneshield	Hunter Trainer
C	5052	7	0	0	0	0	0	2998	Edward Remington	Guild Tabard Designer
C	15681	7	0	0	0	0	0	7993	Auctioneer O'reely	
C	2589	7	0	0	0	0	0	3987	Syndicate Mercenary	
C	2181	7	0	0	0	0	0	4036	Stormscale Myrmidon	
C	7450	7	0	0	0	0	0	12235	Ragged Owlbeast	
C	16227	7	0	1	0	0	0	1233	Bragok	Flight Master
C	4416	7	0	0	0	0	0	2438	Defias Strip Miner	
C	4087	7	0	0	0	0	0	2196	Arias'ta Bladesinger	Warrior Trainer
C	7369	7	0	0	0	0	0	11533	Deadwind Brute	
C	14912	7	0	1	0	0	0	11221	Captured Hakkari Zealot	
C	3428	7	0	0	0	1	0	4092	Korran	
C	1327	7	0	0	0	0	0	1516	Reese Langston	Tavernkeeper
C	8756	3	0	1	0	0	0	1913	Raytaf	Loramus's Guardian
C	2183	7	0	0	0	0	0	11269	Stormscale Warrior	
C	1797	1	4	0	1	0	0	820	Giant Grizzled Bear	
C	6020	7	0	0	0	0	0	2835	Slimeshell Makrura	
C	3530	7	0	1	0	0	0	3352	Pyrewood Tailor	
C	2082	7	0	0	0	1	0	2458	Gilshalan Windwalker	
C	5565	7	0	0	0	0	0	3448	Jillian Tanner	Leatherworking Supplies
C	589	7	0	0	0	0	0	2338	Defias Pillager	
C	6728	1	0	0	0	0	0	5448	Narnie	
C	7864	6	0	0	0	0	0	146	Lingering Highborne	
C	881	7	0	0	0	0	0	3321	Surena Caledon	
C	14740	7	0	0	0	0	0	14772	Katoom the Angler	Fishing Trainer & Supplies
C	1431	7	0	0	0	0	0	5545	Suzetta Gallina	
C	737	7	0	0	0	0	0	7163	Kebok	
C	1395	7	0	0	0	0	0	1508	Ol' Beasley	
C	3754	3	0	0	0	0	0	11344	Xavian Betrayer	
C	227	7	0	0	0	1	0	4340	Mabel Solaj	General Goods Vendor
C	2191	3	0	4	0	0	0	10819	Licillin	
C	859	7	0	0	0	0	0	3453	Guard Berton	
C	11024	1	1	0	0	0	0	1030	Della	Jessir's Pet
C	4827	1	0	1	0	0	0	2836	Deep Pool Threshfin	
C	2640	7	0	0	0	0	0	6542	Vilebranch Witch Doctor	
C	3389	7	0	0	0	0	0	3847	Regthar Deathgate	
C	3466	1	0	0	0	0	0	6086	Zhevra Courser	
C	3247	1	27	0	1	0	0	1742	Thunderhawk Hatchling	
C	11072	7	0	0	0	0	0	10610	Kitta Firewind	Artisan Enchanter
C	6290	7	0	0	0	0	0	4992	Yonn Deepcut	Skinner
C	275	7	0	0	0	1	0	1734	Whit Wantmal	
C	6426	6	0	1	0	0	0	10255	Anguished Dead	
C	1014	7	0	0	0	0	0	543	Mosshide Alpha	
C	7904	1	0	0	0	0	0	6942	Jacob	Angelas' Pet
C	8139	7	0	0	0	0	0	7355	Jabbey	General Goods
C	14496	7	0	0	0	0	0	252	Stormwind Orphan	
C	2960	1	1	0	1	0	0	161	Prairie Wolf Alpha	
C	10358	6	0	4	0	0	0	5430	Fellicent's Shade	
C	3666	7	0	0	0	0	0	4474	Wizbang Cranktoggle	
C	814	7	0	0	0	0	0	4455	Sergeant Malthus	
C	2356	1	4	0	1	0	0	3201	Elder Gray Bear	
C	234	7	0	1	0	1	0	1690	Gryan Stoutmantle	The People's Militia
C	7555	1	0	0	0	0	0	6299	Hawk Owl	
C	3248	1	0	0	0	0	0	4473	Barrens Giraffe	
C	12378	6	0	0	0	0	0	146	Damned Soul	
C	1315	7	0	0	0	0	0	1486	Allan Hafgan	Staves Merchant
C	7852	7	0	0	0	0	0	6892	Pratt McGrubben	Leatherworking Supplies
C	883	8	0	0	0	0	0	347	Deer	
C	1185	1	3	0	1	0	0	520	Wood Lurker	
C	15076	7	0	1	0	0	0	15210	Zandalarian Emissary	
C	4388	1	0	0	0	0	0	2602	Young Murk Thresher	
C	878	7	0	0	0	1	0	2373	Scout Galiaan	The People's Militia
C	1669	7	0	0	0	0	0	4423	Defias Profiteer	Free Wheeling Merchant
C	5286	1	1	0	1	0	0	165	Longtooth Runner	
C	12342	6	0	0	0	0	0	10672	Brown Skeletal Horse	
C	5431	1	21	0	1	0	0	7114	Surf Glider	
C	2209	7	0	0	0	0	0	2856	Deathguard Gavin	
C	16091	7	0	1	0	0	0	15995	Dirk Thunderwood	
C	596	7	0	2	0	0	0	3267	Brainwashed Noble	
C	3915	1	0	0	0	0	0	643	Dagri	Raene's Pet
C	1305	7	0	0	0	0	0	1490	Jarel Moor	Bartender
C	40	7	0	0	0	0	0	373	Kobold Miner	
C	1854	7	0	0	0	0	0	11395	High Priest Thel'danis	
C	7371	7	0	0	0	0	0	11536	Deadwind Mauler	
C	466	7	0	1	0	0	0	1688	General Marcus Jonathan	High Commander of Stormwind Defense
C	4682	3	0	0	0	0	0	2834	Nether Sister	
C	14123	1	21	0	1	0	0	7114	Steeljaw Snapper	
C	1986	1	3	0	1	0	0	709	Webwood Spider	
C	7046	2	0	1	0	0	0	6377	Searscale Drake	
C	3665	7	0	0	0	0	0	7051	Crane Operator Bigglefuzz	
C	11340	7	0	1	8	0	0	11221	Hakkari Blood Priest	
C	8525	6	0	0	0	0	0	612	Scourge Warder	
C	2533	7	0	0	0	0	0	262	William	
C	1947	7	0	1	0	0	0	4430	Thule Ravenclaw	
C	7040	2	0	1	0	0	0	143	Black Dragonspawn	
C	4962	7	0	0	0	0	0	2963	Tapoke "Slim" Jahn	
C	4200	7	0	0	0	1	0	9549	Laird	Fish Vendor
C	14758	10	0	0	0	0	0	11686	Zul'Gurub Trigger	
C	1670	7	0	0	0	1	0	3262	Mike Miller	Bread Merchant
C	288	7	0	0	0	1	0	4325	Jitters	
C	5283	2	0	1	0	0	0	181	Nightmare Wanderer	
C	6300	7	0	0	0	0	0	5022	Elisa Steelhand	Blacksmithing Supplies
C	11055	7	0	0	0	0	0	10550	Shadow Priestess Vandis	
C	1459	7	0	0	0	0	0	3463	Naela Trance	Bowyer
C	4552	7	0	0	0	0	0	2662	Eunice Burch	Cooking Trainer
C	14904	7	0	1	0	0	0	14996	Maywiki of Zuldazar	
C	5566	7	0	0	0	0	0	3445	Tannysa	Herbalism Trainer
C	7775	7	0	0	0	0	0	6995	Gregan Brewspewer	
C	15178	7	0	1	0	0	0	15314	Runk Windtamer	Wind Rider Master
C	2265	7	0	0	0	0	0	3613	Hillsbrad Apprentice Blacksmith	
C	2320	7	0	0	0	0	0	1836	Nagaz	
C	937	7	0	0	0	0	0	4443	Kurzen Jungle Fighter	
C	3650	7	0	0	0	0	0	1771	Asterion	
C	1419	1	0	0	0	0	0	328	Fizzles	
C	237	7	0	0	0	1	0	1944	Farmer Furlbrow	
C	11810	7	0	0	0	0	0	11740	Howin Kindfeather	
C	10046	7	0	0	0	1	0	9264	Bethaine Flinthammer	Stable Master
C	3550	7	0	0	0	1	0	1636	Martine Tramblay	Fishing Supplies
C	2928	7	0	0	0	0	0	12238	Primitive Owlbeast	
C	5515	7	0	0	0	0	0	3312	Einris Brightspear	Hunter Trainer
C	935	7	0	0	0	0	0	3447	Guard Pearce	
C	1439	7	0	0	0	0	0	1758	Lord Baurles K. Wishock	House of Nobles
C	5841	7	0	2	0	0	0	9533	Rocklance	
C	3590	7	0	0	0	0	0	1727	Janna Brightmoon	Clothier
C	1752	7	0	0	0	0	0	4731	Caledra Dawnbreeze	
C	626	6	0	1	0	0	0	10628	Foreman Thistlenettle	
C	4813	7	0	1	0	0	0	2876	Twilight Shadowmage	
C	2834	7	0	0	0	0	0	7172	Myizz Luckycatch	Superior Fisherman
C	14303	4	0	1	0	0	0	5848	Petrified Guardian	
C	9056	7	0	1	0	0	0	8704	Fineous Darkvire	Chief Architect
C	4213	7	0	0	0	0	0	2266	Taladan	Expert Enchanter
C	15686	7	0	0	0	0	0	15781	Auctioneer Rhyker	
C	6930	7	0	0	0	0	0	5707	Innkeeper Karakul	Innkeeper
C	4127	1	25	0	1	0	0	2710	Hecklefang Hyena	
C	1350	7	0	0	0	0	0	1498	Theresa Moulaine	Robe Vendor
C	3816	1	0	0	0	0	0	1917	Wild Buck	
C	634	7	0	1	0	0	0	2316	Defias Overseer	
C	4823	1	8	1	1	0	0	9565	Barbed Crustacean	
C	1108	1	9	0	1	0	0	843	Mistvale Gorilla	
C	8299	1	7	4	1	0	0	388	Spiteflayer	
C	547	1	5	0	1	0	0	3035	Great Goretusk	
C	1768	7	0	0	0	0	0	346	Vile Fin Tidehunter	
C	3629	7	0	0	0	0	0	1696	David Langston	
C	196	7	0	0	0	0	0	3251	Eagan Peltskinner	
C	2859	7	0	1	0	0	0	12945	Gyll	Gryphon Master
C	4783	7	0	0	0	0	0	5226	Dawnwatcher Selgorm	The Argent Dawn
C	8160	7	0	0	0	0	0	7382	Nioma	Leatherworking Supplies
C	1745	7	0	0	0	0	0	2859	Deathguard Morris	
C	66	7	0	0	0	0	0	1298	Tharynn Bouden	Trade Supplies
C	1731	7	0	1	0	0	0	7110	Goblin Craftsman	
C	1287	7	0	0	0	0	0	1448	Marda Weller	Weapons Merchant
C	942	7	0	0	0	0	0	4450	Kurzen Witch Doctor	
C	7553	1	0	0	0	0	0	4615	Great Horned Owl	
C	11372	1	0	1	8	0	0	15150	Razzashi Adder	
C	2500	7	0	0	0	0	0	797	Captain Hecklebury Smotts	
C	871	7	0	1	0	0	0	506	Saltscale Warrior	
C	4802	7	0	1	0	0	0	4983	Blackfathom Tide Priestess	
C	2235	1	8	0	1	0	0	981	Reef Crawler	
C	297	7	0	0	0	0	0	1756	Caretaker Folsom	
C	14637	7	0	0	0	0	0	14664	Zorbin Fandazzle	
C	10916	7	0	0	0	0	0	6829	Winterfall Runner	
C	2840	7	0	0	0	0	0	7183	Kizz Bluntstrike	Macecrafter
C	14361	8	0	0	0	0	0	10045	Shen'dralar Wisp	
C	2691	7	0	0	0	0	0	6547	Highvale Outrunner	
C	9452	7	0	1	0	0	0	10403	Scarlet Enchanter	
C	2839	7	0	0	0	0	0	4478	Haren Kanmae	Superior Bowyer
C	12124	1	0	1	0	0	0	12203	Great Shark	
C	1733	3	0	0	0	0	0	4449	Zggi	Zardeth's Minion
C	4803	7	0	1	0	0	0	4976	Blackfathom Oracle	
C	1787	6	0	0	0	0	0	11401	Skeletal Executioner	
C	14739	7	0	0	0	0	0	14771	Mystic Yayo'jin	Reagent Vendor
C	5428	1	7	0	1	0	0	3248	Roc	
C	315	6	0	0	0	0	0	1562	Stalvan Mistmantle	
C	1420	8	0	0	0	0	0	901	Toad	
C	6887	7	0	0	0	0	0	5745	Yalda	
C	3217	7	0	0	0	0	0	3780	Brave Dawneagle	
C	4404	7	0	0	0	0	0	2600	Muckshell Scrabbler	
C	3588	7	0	0	0	0	0	1729	Khardan Proudblade	Weaponsmith
C	2337	7	0	0	0	0	0	4230	Dark Strand Voidcaller	
C	7015	7	0	4	0	0	0	1305	Flagglemurk the Cruel	
C	15181	7	0	1	0	0	0	15315	Commander Mar'alith	
C	12347	1	8	0	1	0	0	1001	Enraged Reef Crawler	
C	7026	7	0	0	0	0	0	6046	Blackrock Sorcerer	
C	15177	7	0	1	0	0	0	15313	Cloud Skydancer	Hippogryph Master
C	2699	7	0	0	0	0	0	7170	Rikqiz	Leatherworking Supplies
C	11042	7	0	0	0	0	0	10574	Sylvanna Forestmoon	Expert Alchemist
C	202	6	0	0	0	0	0	9786	Skeletal Horror	
C	6143	5	0	1	0	0	0	12812	Servant of Arkkoroc	
C	3591	7	0	0	0	0	0	1726	Freja Nightwing	Leather Armor Merchant
C	5466	5	0	1	0	0	0	10039	Coast Strider	
C	10927	6	0	0	0	0	0	10232	Marlene Redpath	
C	4693	1	7	0	1	0	0	10273	Dread Flyer	
C	1809	1	7	0	1	0	0	1105	Carrion Vulture	
C	907	7	0	1	0	0	0	15115	Keras Wolfheart	Arathi Basin Battlemaster
C	1488	6	0	0	0	0	0	1065	Zanzil Zombie	
C	12474	2	0	1	8	0	0	12509	Emeraldon Boughguard	
C	2205	7	0	0	0	0	0	540	Greymist Warrior	
C	524	1	5	0	1	0	0	389	Rockhide Boar	
C	7917	7	0	0	0	0	0	7008	Brother Sarno	
C	14403	7	0	1	0	0	0	14453	Seeker Nahr	
C	2496	7	0	0	0	0	0	7167	Baron Revilgaz	
C	12037	1	4	4	1	0	0	706	Ursol'lok	
C	10158	7	0	0	0	0	0	5927	Moonkin	
C	12298	8	0	0	0	0	0	10091	Sickly Deer	
C	1791	6	0	0	0	0	0	570	Slavering Ghoul	
C	5616	7	0	0	0	0	0	5532	Wastewander Thief	
C	4984	7	0	0	0	0	0	5078	Argos Nightwhisper	
C	3415	1	2	0	1	0	0	1056	Savannah Huntress	
C	3983	7	0	1	0	0	0	2044	Interrogator Vishas	
C	11137	7	0	0	0	1	0	10636	Xai'ander	Weaponsmith
C	7941	7	0	0	0	0	0	7022	Mardrack Greenwell	Food & Drink
C	14491	1	9	4	1	0	0	3186	Kurmokk	
C	9981	7	0	0	0	1	0	9254	Sikwa	Stable Master
C	1445	7	0	0	0	0	0	338	Jesse Halloran	
C	2537	6	0	0	0	0	0	987	Chucky "Ten Thumbs"	
C	1778	1	4	0	1	0	0	902	Ferocious Grizzled Bear	
C	6741	7	0	0	0	0	0	5449	Innkeeper Norman	Innkeeper
C	811	7	0	0	0	0	0	221	Jose	
C	7485	7	0	0	0	0	0	6308	Nargatt	Food & Drink
C	3596	7	0	0	0	0	0	1723	Ayanna Everstride	Hunter Trainer
C	8910	4	0	1	0	0	0	1070	Blazing Fireguard	
C	827	7	0	0	0	0	0	2395	Watcher Mocarski	The Night Watch
C	1024	7	0	0	0	0	0	486	Bluegill Murloc	
C	2958	1	1	0	1	0	0	1100	Prairie Wolf	
C	980	7	0	0	0	0	0	4562	Grimnal	Mail & Plate Merchant
C	742	2	0	0	0	0	0	7863	Green Wyrmkin	
C	2330	7	0	0	0	0	0	1471	Karlee Chaddis	
C	1442	7	0	0	0	0	0	4549	Helgrum the Swift	
C	4204	7	0	0	0	0	0	2253	Firodren Mooncaller	Herbalism Trainer
C	823	7	0	0	0	0	0	2072	Deputy Willem	
C	3627	7	0	0	0	0	0	1694	Erich Lohan	
C	3649	7	0	0	0	0	0	1770	Thundris Windweaver	
C	3091	7	0	0	0	0	0	3376	Franklin Hamar	Tailoring Supplies
C	15500	7	0	1	0	0	0	15479	Keyl Swiftclaw	
C	1742	7	0	0	0	0	0	2853	Deathguard Bartholomew	
C	1418	7	0	0	0	0	0	391	Bluegill Raider	
C	689	1	0	0	0	0	0	601	Crystal Spine Basilisk	
C	482	7	0	0	0	0	0	3246	Elling Trias	Master of Cheese
C	11483	4	0	1	0	0	0	14272	Mana Remnant	
C	2893	7	0	0	0	0	0	1194	Stonevault Bonesnapper	
C	2309	7	0	0	0	0	0	3533	Thomas Arlento	
C	5312	2	0	1	8	0	0	7553	Lethlas	
C	5256	7	0	1	0	0	0	7709	Atal'ai Warrior	
C	8203	7	0	4	0	0	0	7509	Kregg Keelhaul	
C	3135	7	0	0	0	1	0	4337	Malissa	Poison Supplier
C	2587	7	0	0	0	0	0	3982	Syndicate Pathstalker	
C	1249	7	0	0	0	0	0	3337	Quartermaster Hudson	Armorer & Shieldcrafter
C	6171	7	0	0	0	0	0	4885	Duthorian Rall	
C	1432	7	0	0	0	0	0	5074	Renato Gallina	
C	1441	7	0	0	0	0	0	3473	Brak Durnad	Weaponsmith
C	5291	1	27	1	1	0	0	7569	Hakkari Frostwing	
C	3883	7	0	0	0	0	0	3812	Moodan Sungrain	Baker
C	4810	7	0	1	0	0	0	2898	Twilight Reaver	
C	3970	7	0	0	0	1	0	2057	Llana	Reagent Supplies
C	1726	7	0	1	0	0	0	2321	Defias Magician	
C	1462	7	0	0	0	0	0	3466	Edwina Monzor	Fletcher
C	5838	7	0	4	0	0	0	9448	Brokespear	
C	1984	1	5	0	1	0	0	8869	Young Thistle Boar	
C	3961	7	0	0	0	1	0	2058	Maliynn	Food & Drink Vendor
C	1496	7	0	0	0	1	0	2855	Deathguard Dillinger	
C	14497	7	0	0	0	0	0	8632	Shellene	Orphanage Matron
C	1870	6	0	0	0	0	0	732	Hand of Ravenclaw	
C	5267	6	0	1	0	0	0	4771	Unliving Atal'ai	
C	7980	7	0	0	0	0	0	7117	Deathguard Elite	
C	4305	7	0	0	0	1	0	4417	Kriggon Talsone	Fisherman
C	4385	4	0	0	0	0	0	697	Withervine Rager	
C	11480	4	0	1	0	0	0	14253	Arcane Aberration	
C	12359	1	0	0	0	0	0	6444	Riding Spotted Frostsaber	
C	6351	7	0	0	0	0	0	386	Storm Bay Oracle	
C	7766	7	0	0	0	0	0	6632	Tyrion	
C	38	7	0	0	0	0	0	5035	Defias Thug	
C	1672	7	0	0	0	0	0	221	Lohgan Eva	Tailoring Supplies
C	4080	7	0	0	0	1	0	2183	Kaela Shadowspear	
C	1765	1	1	0	1	0	0	11421	Worg	
C	5420	1	0	0	0	0	0	7344	Glasshide Gazer	
C	1328	7	0	0	0	0	0	1521	Elly Langston	Barmaid
C	1525	6	0	0	0	0	0	1200	Rotting Dead	
C	533	7	0	0	0	0	0	203	Nightbane Shadow Weaver	
C	3833	7	0	0	0	0	0	150	Cenarion Vindicator	
C	2685	7	0	0	0	0	0	7179	Mazk Snipeshot	Engineering Supplies
C	8760	1	0	0	0	0	0	2161	Mosshoof Stag	
C	12480	7	0	0	0	0	0	5567	Melris Malagan	Captain of the Guard
C	3700	7	0	0	0	0	0	4484	Jadenvis Seawatcher	Reagent Vendor
C	9529	7	0	0	0	0	0	8660	Maybess Riverbreeze	Emerald Circle
C	11260	7	0	0	0	0	0	11354	Northshire Peasant	
C	36	9	0	0	0	0	0	367	Harvest Golem	
C	2405	7	0	0	0	0	0	3662	Tarren Mill Deathguard	
C	3811	1	4	0	1	0	0	14315	Giant Ashenvale Bear	
C	1652	7	0	0	0	0	0	1666	Deathguard Burgess	
C	2956	1	12	0	1	0	0	1220	Adult Plainstrider	
C	8015	7	0	0	0	0	0	4841	Ashenvale Sentinel	
C	11563	7	0	0	0	0	0	3214	Drysnap Pincer	
C	11817	7	0	0	0	0	0	11749	Krah'ranik	
C	11198	7	0	0	0	0	0	11650	Draenei Exile	
C	1428	7	0	0	0	0	0	5552	Rema Schneider	
C	2231	1	8	0	1	0	0	1000	Pygmy Tide Crawler	
C	2664	7	0	0	0	0	0	4482	Kelsey Yance	Cook
C	2651	7	0	0	0	0	0	6483	Witherbark Hideskinner	
C	2164	1	0	0	0	0	0	8840	Rabid Thistle Bear	
C	5190	7	0	0	0	0	0	3130	Merill Pleasance	Tabard Vendor
C	5713	6	0	1	0	0	0	6698	Gasher	
C	4167	7	0	0	0	0	0	2208	Dendrythis	Food & Drink Vendor
C	2670	7	0	0	0	0	0	7177	Xizk Goodstitch	Tailoring Supplies
C	2846	7	0	0	0	0	0	7186	Blixrez Goodstitch	Leatherworking Supplies
C	906	7	0	0	0	0	0	3271	Maximillian Crowe	Warlock Trainer
C	9449	7	0	1	0	0	0	10387	Scarlet Cleric	
C	647	7	0	1	0	0	0	7113	Captain Greenskin	
C	274	7	0	0	0	0	0	5039	Barkeep Hann	Bartender
C	3888	1	0	0	0	0	0	11446	Korra	
C	5359	5	0	1	0	0	0	4945	Shore Strider	
C	2387	7	0	0	0	0	0	3628	Hillsbrad Councilman	
C	4243	1	0	0	0	0	0	613	Nightshade	Jeen'ra's Pet
C	10921	7	0	0	0	0	0	10254	Taronn Redfeather	Emerald Circle
C	5328	7	0	0	0	0	0	3900	Coast Crawl Deepseer	
C	5991	1	0	0	0	0	0	798	Redstone Crystalhide	
C	4007	1	3	0	1	0	0	759	Deepmoss Venomspitter	
C	1848	7	0	4	0	0	0	10356	Lord Maldazzar	
C	14715	7	0	1	0	0	0	14712	Silverwing Elite	
C	7623	7	0	0	0	0	0	6571	Dispatch Commander Ruag	
C	1308	7	0	0	0	0	0	1494	Owen Vaughn	Reagent Vendor
C	6	7	0	0	0	0	0	10913	Kobold Vermin	
C	6738	7	0	0	0	1	0	5442	Innkeeper Kimlya	Innkeeper
C	11056	7	0	0	0	0	0	10551	Alchemist Arbington	
C	1944	6	0	4	0	0	0	10850	Rot Hide Bruiser	
C	2925	1	1	0	1	0	0	11417	Silvermane Howler	
C	3223	7	0	0	0	0	0	3784	Brave Rainchaser	
C	7771	7	0	0	0	0	0	7188	Marvon Rivetseeker	
C	6122	7	0	0	0	0	0	4867	Gakin the Darkbinder	
C	3597	7	0	0	0	0	0	1732	Mardant Strongoak	Druid Trainer
C	14356	1	0	0	0	0	0	14389	Sawfin Frenzy	
C	2211	7	0	0	0	0	0	11424	Captured Mountaineer	
C	8718	3	0	1	0	0	0	6173	Manahound	
C	1479	7	0	0	0	0	0	3506	Timothy Clark	
C	4049	7	0	0	0	1	0	3897	Seereth Stonebreak	
C	1429	7	0	0	0	0	0	221	Thurman Schneider	
C	661	7	0	0	0	0	0	4338	Jonathan Carevin	
C	1532	6	0	0	0	0	0	3227	Wandering Spirit	
C	2135	7	0	0	0	0	0	1631	Abe Winters	Apprentice Armorer
C	1458	7	0	0	0	0	0	1898	Telurinon Moonshadow	Herbalism Trainer
C	7114	7	0	0	0	0	0	6397	Jaedenar Enforcer	
C	5043	7	0	0	0	0	0	2148	Defias Rioter	
C	4652	7	0	0	0	0	0	9426	Gelkis Mauler	
C	4267	7	0	1	0	0	0	2313	Daelyshia	Hippogryph Master
C	8318	3	0	0	0	0	0	7554	Atal'ai Slave	
C	2210	7	0	0	0	0	0	2861	Deathguard Royann	
C	1563	7	0	0	0	0	0	796	Bloodsail Swashbuckler	
C	3587	7	0	0	0	0	0	1730	Lyrai	General Supplies
C	3953	7	0	0	0	1	0	2064	Tandaan Lightmane	Leather Armor Merchant
C	833	1	1	0	1	0	0	161	Coyote Packleader	
C	927	7	0	0	0	1	0	1299	Brother Wilhelm	Paladin Trainer
C	4005	1	3	0	1	0	0	760	Deepmoss Creeper	
C	5226	1	0	1	0	0	0	7549	Murk Worm	
C	4814	7	0	1	0	0	0	2890	Twilight Elementalist	
C	8902	7	0	0	0	0	0	8798	Shadowforge Citizen	
C	3667	6	0	0	0	0	0	1937	Anaya Dawnrunner	
C	10781	7	0	0	0	0	0	10130	Royal Overseer Bauhaus	Undercity Census
C	459	7	0	0	0	0	0	3345	Drusilla La Salle	Warlock Trainer
C	11361	1	2	1	9	0	0	11031	Zulian Tiger	
C	1298	7	0	0	0	0	0	1427	Frederick Stover	Bow & Arrow Merchant
C	11217	6	0	0	0	0	0	10896	Lucien Sarkhoff	
C	7903	1	0	0	0	0	0	6943	Jewel	Troyas' Pet
C	10052	7	0	0	0	1	0	9271	Maluressian	Stable Master
C	12129	2	0	1	8	0	0	8711	Onyxian Warder	
C	1011	7	0	0	0	0	0	8598	Mosshide Trapper	
C	824	7	0	0	0	0	0	2441	Defias Digger	
C	1251	7	0	0	0	0	0	3190	Splinter Fist Firemonger	
C	4617	7	0	0	0	0	0	2651	Thaddeus Webb	Enchanting Supplies
C	4190	7	0	0	0	1	0	4399	Kyndri	Baker
C	14903	7	0	1	0	0	0	14995	Al'tabim the All-Seeing	
C	2118	7	0	0	0	0	0	1632	Abigail Shiel	Trade Supplies
C	11383	7	0	1	0	0	0	11295	High Priestess Hai'watna	
C	10159	7	0	0	0	0	0	9390	Young Moonkin	
C	10856	7	0	0	0	0	0	10212	Argent Quartermaster Hasana	The Argent Dawn
C	3809	1	4	0	1	0	0	820	Ashenvale Bear	
C	1766	1	1	0	1	0	0	246	Mottled Worg	
C	887	7	0	0	0	0	0	2390	Watcher Jordan	The Night Watch
C	1424	7	0	4	0	0	0	774	Master Digger	
C	487	7	0	0	0	0	0	2368	Protector Bialon	The People's Militia
C	15080	7	0	1	0	0	0	15210	Servant of the Hand	Hand of Rastakhan
C	643	7	0	1	0	0	0	7125	Sneed	Lumbermaster
C	804	7	0	0	0	0	0	257	Dana	
C	2266	7	0	0	0	0	0	3612	Hillsbrad Farmer	
C	454	1	5	0	1	0	0	8871	Young Goretusk	
C	6650	7	0	4	0	0	0	11257	General Fangferror	
C	2842	7	0	0	0	0	0	7184	Wigcik	Superior Fisherman
C	14730	7	0	0	0	0	0	14760	Revantusk Watcher	
C	14270	7	0	4	0	0	0	5243	Squiddic	
C	2503	7	0	0	0	0	0	3633	Hillsbrad Foreman	
C	6091	7	0	0	0	0	0	4861	Dellylah	Food & Drink Vendor
C	3213	7	0	0	0	0	0	3776	Brave Running Wolf	
C	4324	2	0	0	0	0	0	397	Searing Whelp	
C	15105	7	0	0	0	1	0	15247	Warsong Emissary	
C	2483	7	0	0	0	0	0	4394	Jaquilina Dramet	Superior Axecrafter
C	257	7	0	0	0	0	0	10912	Kobold Worker	
C	1440	7	0	0	0	0	0	5553	Milton Sheaf	Librarian
C	8617	7	0	0	0	0	0	11253	Zalashji	
C	1746	7	0	0	0	0	0	2854	Deathguard Cyrus	
C	3585	7	0	0	0	0	0	876	Therysil	
C	7372	7	0	0	0	0	0	11538	Deadwind Warlock	
C	10839	7	0	0	0	0	0	10210	Argent Officer Garush	The Argent Dawn
C	1558	1	9	0	1	0	0	844	Silverback Patriarch	
C	1366	7	0	0	0	0	0	338	Adam	
C	6551	10	0	0	0	0	0	11090	Gorishi Wasp	
C	6247	7	0	0	0	0	0	4931	Doan Karhan	
C	10897	7	0	1	0	0	0	10196	Sindrayl	Hippogryph Master
C	1294	7	0	0	0	0	0	1423	Aldric Moore	Mail Armor Merchant
C	4684	3	0	0	0	0	0	2737	Nether Sorceress	
C	2836	7	0	0	0	0	0	7161	Brikk Keencraft	Master Blacksmith
C	346	7	0	0	0	0	0	3370	Barkeep Daniels	
C	11219	7	0	0	0	0	0	10878	Liladris Moonriver	
C	764	4	0	0	0	0	0	2024	Swampwalker	
C	6090	7	0	0	0	0	0	5000	Bartleby	Drunk
C	977	1	2	0	1	0	0	599	Kurzen War Panther	
C	2096	7	0	0	0	1	0	1677	Tarrel Rockweaver	
C	2911	7	0	0	0	0	0	1650	Archaeologist Flagongut	Explorers' League
C	5362	7	0	0	0	0	0	10872	Northspring Harpy	
C	2456	7	0	0	0	0	0	1436	Newton Burnside	Banker
C	495	7	0	0	0	0	0	2391	Watcher Keefer	The Night Watch
C	4821	1	8	1	1	0	0	981	Skittering Crustacean	
C	1321	7	0	0	0	0	0	1520	Alyssa Griffith	Bag Vendor
C	3518	7	0	0	0	0	0	1541	Thomas Miller	Baker
C	7041	2	0	1	0	0	0	8249	Black Wyrmkin	
C	14555	1	0	0	0	0	0	14332	Swift Mistsaber	
C	344	7	0	0	0	0	0	1753	Magistrate Solomon	
C	2185	1	0	0	0	0	0	992	Darkshore Thresher	
C	2260	7	0	0	0	0	0	3616	Syndicate Rogue	
C	1565	7	0	0	0	0	0	796	Bloodsail Sea Dog	
C	16096	7	0	1	0	0	0	10747	Steamwheedle Bruiser	
C	11156	6	0	0	0	0	0	10720	Green Skeletal Warhorse	
C	999	7	0	0	0	0	0	2398	Watcher Royce	The Night Watch
C	645	7	0	1	0	0	0	1305	Cookie	The Ship's Cook
C	2555	7	0	0	0	0	0	3995	Witherbark Witch Doctor	
C	6010	3	0	0	0	0	0	1913	Felhound	
C	15190	7	0	0	0	0	0	15324	Noggle Ficklespragg	
C	5695	7	0	0	0	0	0	4039	Vance Undergloom	Journeyman Enchanter
C	1447	7	0	0	0	0	0	3640	Gimlok Rumdnul	
C	14736	7	0	0	0	0	0	14768	Primal Torntusk	
C	4221	7	0	0	0	0	0	2267	Talaelar	Fish Vendor
C	3812	1	8	0	1	0	0	9566	Clattering Crawler	
C	4788	3	0	1	0	0	0	2012	Fallenroot Satyr	
C	4345	1	6	0	1	0	0	807	Drywallow Daggermaw	
C	7943	7	0	0	0	0	0	7019	Harklane	Fish Vendor
C	2760	4	0	0	0	0	0	2172	Burning Exile	
C	801	7	0	0	0	0	0	262	Eric	
C	1149	7	0	0	0	1	0	4388	Uthok	General Supplies
C	3433	7	0	0	0	0	0	3858	Tatternack Steelforge	
C	6774	7	0	0	0	0	0	5526	Falkhaan Isenstrider	
C	10696	7	0	0	0	0	0	4137	Refuge Pointe Defender	
C	642	9	0	1	0	0	0	1269	Sneed's Shredder	Lumbermaster
C	3981	7	0	0	0	0	0	2046	Vorrel Sengutz	
C	8603	1	0	0	0	0	0	7898	Carrion Grub	
C	810	7	0	0	0	0	0	338	Aaron	
C	4981	7	0	0	0	0	0	5547	Ben Trias	Apprentice of Cheese
C	7025	7	0	0	0	0	0	6045	Blackrock Soldier	
C	11083	7	0	0	0	0	0	10615	Darianna	Journeyman Leatherworker
C	5491	7	0	0	0	0	0	3284	Arthur the Faithful	Paladin Trainer
C	10077	1	1	4	1	0	0	9562	Deathmaw	
C	8669	7	0	0	0	0	0	7997	Auctioneer Tolon	
C	7107	3	0	0	0	0	0	11337	Jadefire Trickster	
C	1333	7	0	0	0	0	0	1511	Gerik Koen	Two Handed Weapon Merchant
C	687	1	11	0	1	0	0	11317	Jungle Stalker	
C	15091	10	0	0	0	0	0	11686	Zul'Gurub Panther Trigger	
C	2494	7	0	0	0	0	0	1928	Privateer Bloads	
C	7444	1	4	0	1	0	0	865	Shardtooth Bear	
C	15683	7	0	0	0	0	0	7995	Auctioneer Naxxremis	
C	1914	7	0	0	0	0	0	3559	Dalaran Mage	
C	98	7	0	0	0	0	0	376	Riverpaw Taskmaster	
C	2372	7	0	0	0	0	0	10643	Mudsnout Gnoll	
C	3578	7	0	0	0	0	0	3539	Dalaran Miner	
C	3502	7	0	0	0	0	0	7059	Ratchet Bruiser	
C	14911	7	0	1	0	0	0	15004	Zandalar Enforcer	
C	469	7	0	1	0	0	0	2593	Lieutenant Doren	
C	115	9	0	0	0	0	0	379	Harvest Reaper	
C	7506	7	0	0	0	0	0	6631	Bloodmage Lynnore	
C	930	1	3	0	1	0	0	368	Black Widow Hatchling	
C	2669	7	0	0	0	0	0	4274	Sheri Zipstitch	Tailoring Supplies
C	15114	10	0	3	76	0	0	15288	Gahz'ranka	
C	11615	7	0	0	0	0	0	12469	Mickey Levine	
C	3061	7	0	0	0	0	0	3810	Lanka Farshot	Hunter Trainer
C	449	7	0	0	0	0	0	2344	Defias Knuckleduster	
C	6118	6	0	4	0	0	0	10771	Varo'then's Ghost	
C	11019	7	0	0	0	0	0	10412	Jessir Moonbow	
C	14905	7	0	1	0	0	0	14997	Falthir the Sightless	
C	7858	7	0	0	0	0	0	6950	Southsea Swashbuckler	
C	5476	7	0	0	0	1	0	3252	Watcher Biggs	
C	3825	1	1	0	1	0	0	776	Ghostpaw Alpha	
C	1869	6	0	0	0	0	0	732	Ravenclaw Champion	
C	1213	7	0	0	0	0	0	3278	Godric Rothgar	Armorer & Shieldcrafter
C	95	7	0	0	0	0	0	4418	Defias Smuggler	
C	5425	1	25	0	1	0	0	1535	Starving Blisterpaw	
C	3924	7	0	0	0	0	0	6801	Thistlefur Shaman	
C	4728	1	0	0	0	0	0	1074	Gritjaw Basilisk	
C	15481	2	0	3	46	0	0	15473	Spirit of Azuregos	
C	3133	7	0	0	0	1	0	4286	Herble Baubbletump	Engineering and Mining Supplies
C	4631	7	0	0	0	0	0	7106	Wharfmaster Lozgil	
C	5427	1	25	0	1	0	0	2609	Rabid Blisterpaw	
C	2493	7	0	0	0	0	0	1403	Dizzy One-Eye	Blackwater Raiders
C	5418	7	0	0	0	1	0	4342	Deathstalker Zraedus	
C	6374	7	0	0	0	0	0	5092	Cylina Darkheart	Demon Trainer
C	4731	7	0	0	0	0	0	2789	Zachariah Post	Undead Horse Merchant
C	15708	7	0	1	0	0	0	15669	Master Sergeant Maclure	War Effort Recruiter
C	6015	1	0	0	0	0	0	1244	Torta	
C	11023	7	0	1	0	0	0	10457	Weldon Barov	House of Barov
C	332	7	0	0	0	0	0	1736	Master Mathias Shaw	Leader of SI:7
C	11057	7	0	0	0	0	0	10552	Apothecary Dithers	
C	2232	1	8	0	1	0	0	979	Tide Crawler	
C	6749	7	0	0	0	1	0	9257	Erma	Stable Master
C	6373	7	0	0	0	0	0	5087	Dane Winslow	Demon Trainer
C	9982	7	0	0	0	1	0	9255	Penny	Stable Master
C	1754	7	0	0	0	0	0	2051	Lord Gregor Lescovar	
C	11357	1	27	1	1	0	0	15275	Son of Hakkar	
C	2994	7	0	0	0	0	0	3824	Ancestral Spirit	
C	15306	7	0	0	0	0	0	15370	Bor Wildmane	
C	3453	7	0	0	0	0	0	7053	Wharfmaster Dizzywig	
C	10049	7	0	0	0	0	0	9268	Hekkru	Stable Master
C	10053	7	0	0	0	0	0	9273	Anya Maulray	Stable Master
C	1217	7	0	0	0	0	0	3460	Glorin Steelbrow	
C	5620	7	0	0	0	0	0	3638	Bartender Wental	Food and Drinks
C	4088	7	0	0	0	0	0	2197	Elanaria	
C	3712	7	0	0	0	0	0	11264	Wrathtail Razortail	
C	519	7	0	4	0	0	0	540	Slark	
C	2190	7	0	0	0	0	0	1015	Wild Grell	
C	15419	7	0	0	0	0	0	15425	Kania	Enchanting Supplier
C	3179	7	0	0	0	0	0	3470	Harold Riggs	Fishing Trainer
C	4819	7	0	1	0	0	0	11293	Blindlight Muckdweller	
C	151	7	0	0	0	1	0	1292	Brog Hamfist	General Supplies
C	736	1	2	0	1	0	0	599	Panther	
C	2086	7	0	0	0	0	0	3480	Valstag Ironjaw	
C	842	7	0	0	0	1	0	308	Lumberjack	
C	1948	6	0	4	0	0	0	965	Snarlmane	
C	94	7	0	0	0	0	0	2361	Defias Cutpurse	
C	4475	6	0	0	0	0	0	10970	Blighted Zombie	
C	4963	7	0	0	0	0	0	2964	Mikhail	Bartender
C	504	7	0	0	0	0	0	2331	Defias Trapper	
C	11867	7	0	1	0	0	0	11804	Woo Ping	Weapon Master
C	1285	7	0	0	0	0	0	1434	Thurman Mullby	General Goods Vendor
C	828	7	0	0	0	0	0	2397	Watcher Petras	The Night Watch
C	14394	7	0	1	0	0	0	14431	Major Mattingly	
C	467	7	0	0	0	0	0	2311	The Defias Traitor	
C	5911	7	0	0	0	1	0	4547	Grunt Logmar	
C	430	7	0	0	0	0	0	10789	Redridge Mystic	
C	4074	9	0	0	0	0	0	1269	XT:9	
C	352	7	0	1	0	0	0	5128	Dungar Longdrink	Gryphon Master
C	12896	7	0	0	0	0	0	4841	Silverwing Sentinel	
C	273	7	0	0	0	1	0	1731	Tavernkeep Smitts	
C	597	7	0	0	0	0	0	4579	Bloodscalp Berserker	
C	830	1	8	0	1	0	0	342	Sand Crawler	
C	3431	7	0	0	0	1	0	4093	Grenthar	
C	228	7	0	0	0	1	0	4334	Avette Fellwood	Bowyer
C	2534	7	0	0	0	0	0	314	Zanzil the Outcast	
C	3847	7	0	0	0	1	0	4180	Orendil Broadleaf	
C	15499	7	0	0	0	0	0	15478	Warden Haro	
C	15270	7	0	0	0	0	0	15371	Huum Wildmane	
C	3989	7	0	0	0	0	0	7228	Venture Co. Logger	
C	3657	7	0	0	0	0	0	2529	Sentinel Elissa Starbreeze	
C	2110	8	0	0	0	0	0	1141	Black Rat	
C	3182	7	0	0	0	0	0	3481	Junder Brokk	
C	844	7	0	0	0	1	0	4416	Antonio Perelli	Traveling Salesman
C	3481	7	0	0	0	1	0	3868	Barg	General Supplies
C	6146	5	0	1	0	0	0	1918	Cliff Breaker	
C	4183	7	0	0	0	0	0	4408	Naram Longclaw	Weaponsmith
C	2672	7	0	0	0	0	0	4397	Cowardly Crosby	Tailoring Supplies
C	1499	7	0	0	0	0	0	3514	Magistrate Sevren	
C	5694	7	0	0	0	0	0	5076	High Sorcerer Andromath	
C	10905	10	0	0	0	0	0	7804	Andorhal Tower Four	
C	11339	7	0	1	8	0	0	11225	Hakkari Shadow Hunter	
C	3425	1	2	0	1	0	0	1973	Savannah Prowler	
C	12942	7	0	0	0	0	0	12957	Leonard Porter	Leatherworking Supplies
C	5441	10	0	0	0	0	0	482	Hazzali Wasp	
C	4283	7	0	1	0	0	0	2520	Scarlet Sentry	
C	911	7	0	0	0	0	0	3343	Llane Beshere	Warrior Trainer
C	4168	7	0	0	0	0	0	2214	Elynna	Tailoring Supplies
C	11801	7	0	0	0	0	0	11768	Rabine Saturna	
C	2174	1	0	0	0	0	0	245	Coastal Frenzy	
C	197	7	0	0	0	1	0	1859	Marshal McBride	
C	4273	7	0	0	0	0	0	2725	Keeper Ordanus	
C	428	1	7	0	1	0	0	490	Dire Condor	
C	15703	7	0	1	0	0	0	15665	Senior Sergeant Grimsford	War Effort Recruiter
C	253	7	0	0	0	0	0	5038	William Pestle	
C	807	7	0	0	0	0	0	252	Lisa	
C	190	7	0	0	0	0	0	3276	Dermot Johns	Cloth & Leather Armor Merchant
C	12481	7	0	0	0	0	0	5446	Justine Demalier	Stormwind Recruiter
C	4156	7	0	0	0	0	0	2211	Astaia	Fishing Trainer
C	11368	1	24	0	9	0	0	14562	Bloodseeker Bat	
C	7389	1	0	0	0	0	0	6190	Senegal	
C	1645	7	0	0	0	0	0	3336	Quartermaster Hicks	Master Weaponsmith
C	1303	7	0	0	0	0	0	1441	Felicia Gump	Herbalism Supplier
C	862	7	0	0	0	0	0	4495	Stonard Explorer	
C	5224	1	0	1	0	0	0	4767	Murk Slitherer	
C	15614	7	0	1	0	0	0	15569	J.D. Shadesong	
C	461	7	0	0	0	0	0	1469	Demisette Cloyce	Warlock Trainer
C	6174	7	0	0	0	0	0	4888	Stephanie Turner	
C	4825	1	21	1	1	0	0	5026	Aku'mai Snapjaw	
C	1242	7	0	0	0	1	0	3461	Karl Boran	
C	3075	7	0	0	0	0	0	3801	Bronk Steelrage	Armorer and Shieldcrafter
C	599	7	0	2	0	0	0	2355	Marisa du'Paige	
C	7042	2	0	1	0	0	0	2554	Flamescale Dragonspawn	
C	3489	7	0	0	0	1	0	3877	Zargh	Butcher
C	7736	7	0	0	0	0	0	6553	Innkeeper Shyria	Innkeeper
C	952	7	0	0	0	0	0	3317	Brother Neals	
C	8554	7	0	0	0	0	0	1346	Chief Sharptusk Thornmantle	
C	3137	7	0	0	0	1	0	4333	Matt Johnson	Mining Trainer
C	3492	7	0	0	0	0	0	7094	Vexspindle	Cloth & Leather Armor Merchant
C	3074	7	0	0	0	0	0	3798	Varia Hardhide	Leather Armor Merchant
C	11390	7	0	0	8	0	0	11313	Skullsplitter Speaker	Skullsplitter Troll Ambassador
C	3695	1	0	0	0	1	0	913	Grimclaw	
C	1275	7	0	0	0	0	0	1444	Kyra Boucher	Reagent Vendor
C	193	2	0	1	0	0	0	196	Blue Dragonspawn	
C	2246	7	0	0	0	0	0	3727	Syndicate Assassin	
C	2077	7	0	0	0	0	0	4237	Melithar Staghelm	
C	2519	7	0	0	0	0	0	4475	Kin'weelay	
C	2482	7	0	0	0	0	0	4490	Zarena Cromwind	Superior Weaponsmith
C	4285	7	0	1	0	0	0	2505	Scarlet Disciple	
C	2136	7	0	0	0	0	0	1638	Oliver Dwor	Apprentice Weaponsmith
C	1793	6	0	0	0	0	0	137	Rotting Ghoul	
C	699	7	0	0	0	0	0	4576	Bloodscalp Beastmaster	
C	623	6	0	1	0	0	0	11402	Skeletal Miner	
C	8900	7	0	0	0	0	0	8812	Doomforge Arcanasmith	
C	12343	6	0	0	0	0	0	10670	Red Skeletal Horse	
C	11994	7	0	0	0	0	0	11930	Rob Bridenbecker	
C	1435	7	0	0	0	0	0	1765	Zardeth of the Black Claw	
C	446	7	0	0	0	0	0	609	Redridge Basher	
C	4711	7	0	0	0	0	0	11264	Slitherblade Naga	
C	588	7	0	0	0	0	0	4575	Bloodscalp Scout	
C	2384	1	2	0	1	0	0	1059	Starving Mountain Lion	
C	4343	1	6	0	1	0	0	814	Drywallow Snapper	
C	4668	7	0	0	0	0	0	4709	Burning Blade Summoner	
C	667	7	0	0	0	0	0	4632	Skullsplitter Warrior	
C	2595	7	0	0	0	0	0	11254	Daggerspine Raider	
C	5977	7	0	0	0	0	0	14401	Dreadmaul Mauler	
C	4293	7	0	1	0	0	0	2518	Scarlet Scryer	
C	2923	1	1	0	1	0	0	11413	Mangy Silvermane	
C	2202	7	0	0	0	0	0	3619	Greymist Coastrunner	
C	4170	7	0	0	0	0	0	2218	Ellandrieth	General Goods Vendor
C	2458	7	0	0	0	0	0	2645	Randolph Montague	Banker
C	8403	7	0	0	0	0	0	7632	Jeremiah Payson	Cockroach Vendor
C	1147	7	0	0	0	0	0	4371	Hragran	Cloth & Leather Armor Merchant
C	3073	7	0	0	0	0	0	3799	Marjak Keenblade	Weaponsmith
C	10721	7	0	0	0	1	0	10049	Novice Warrior	
C	2926	1	1	0	1	0	0	11418	Silvermane Stalker	
C	2285	7	0	0	0	0	0	5075	Count Remington Ridgewell	House of Nobles
C	15183	7	0	0	0	0	0	15316	Geologist Larksbane	
C	4241	7	0	0	0	0	0	2262	Mydrannul	General Goods Vendor
C	959	7	0	0	0	0	0	5012	Morley Eberlein	Clothier
C	4211	7	0	0	0	0	0	2248	Dannelor	First Aid Trainer
C	4203	7	0	0	0	0	0	2221	Ariyell Skyshadow	Weapon Merchant
C	452	7	0	0	0	0	0	383	Riverpaw Bandit	
C	1933	8	0	0	0	0	0	856	Sheep	
C	14374	7	0	0	0	0	0	14426	Scholar Runethorn	
C	1411	7	0	0	0	0	0	5146	Ian Strom	Rogue Trainer
C	1434	7	0	0	0	0	0	2677	Menethil Sentry	
C	15678	7	0	0	0	0	0	7997	Auctioneer Silva'las	
C	14234	1	27	4	1	0	0	2703	Hayoc	
C	121	7	0	0	0	0	0	2336	Defias Pathstalker	
C	2832	7	0	0	0	0	0	7180	Nixxrax Fillamug	Food and Drink
C	8319	2	0	0	0	0	0	621	Nightmare Whelp	
C	2114	7	0	0	0	0	0	3520	Faruza	Apprentice Herbalist
C	12432	1	4	4	1	0	0	982	Old Vicejaw	
C	13036	1	0	0	0	0	0	12966	Gordok Mastiff	
C	7794	7	0	0	0	0	0	6853	McGavan	The Mithril Order
C	15282	7	0	0	0	0	0	15372	Aurel Goldleaf	
C	2237	1	2	0	1	0	0	11450	Moonstalker Sire	
C	982	7	0	0	0	0	0	4563	Thultash	Food & Drink Vendor
C	7113	7	0	0	0	0	0	6399	Jaedenar Guardian	
C	1426	7	0	0	0	0	0	374	Riverpaw Miner	
C	3765	3	0	0	0	0	0	2007	Bleakheart Satyr	
C	3780	4	0	0	0	0	0	168	Shadethicket Moss Eater	
C	855	1	11	0	1	0	0	180	Young Stranglethorn Raptor	
C	9983	7	0	0	0	0	0	9256	Kelsuwa	Stable Master
C	7853	7	0	0	0	0	0	7036	Scooty	Chief Engineer
C	14734	7	0	0	0	0	0	14764	Revantusk Drummer	
C	7443	1	4	0	1	0	0	8842	Shardtooth Mauler	
C	770	7	0	0	0	1	0	4396	Corporal Kaleb	
C	2203	7	0	0	0	0	0	3940	Greymist Seer	
C	2406	1	2	0	1	0	0	1058	Mountain Lion	
C	7783	7	0	0	0	0	0	6879	Loramus Thalipedes	
C	5982	1	7	0	1	0	0	10824	Black Slayer	
C	2957	1	12	0	1	0	0	1221	Elder Plainstrider	
C	2856	7	0	0	0	0	0	4364	Angrun	Superior Herbalist
C	7386	1	0	0	0	0	0	9989	White Kitten	
C	1169	7	0	0	0	0	0	3456	Dark Iron Insurgent	
C	5314	2	0	1	8	0	0	7553	Phantim	
C	3214	7	0	0	0	0	0	3778	Brave Greathoof	
C	10600	7	0	0	0	0	0	9935	Thontek Rumblehoof	
C	11806	7	0	0	0	0	0	11729	Sentinel Onaeya	
C	16094	7	0	0	0	0	0	3519	Durik	Stable Master
C	265	7	0	0	0	1	0	4323	Madame Eva	
C	5263	6	0	1	0	0	0	4769	Mummified Atal'ai	
C	6142	7	0	0	0	0	0	5083	Mathiel	
C	569	1	3	0	1	0	0	2541	Green Recluse	
C	732	7	0	0	0	0	0	983	Murloc Lurker	
C	6370	7	0	0	0	0	0	10922	Makrinni Scrabbler	
C	4316	1	25	0	1	0	0	1535	Kolkar Packhound	
C	5712	6	0	1	0	0	0	6699	Zolo	
C	550	7	0	0	0	0	0	2312	Defias Messenger	
C	2536	6	0	0	0	0	0	987	Jon-Jon the Crow	
C	11067	7	0	0	0	0	0	10590	Malcomb Wynn	Journeyman Enchanter
C	6297	7	0	0	0	0	0	5019	Kurdram Stonehammer	Mining Trainer
C	494	7	0	0	0	0	0	2379	Watcher Bukouris	The Night Watch
C	278	7	0	0	0	0	0	3268	Sara Timberlain	
C	721	8	0	0	0	0	0	328	Rabbit	
C	6411	7	0	0	0	0	0	5235	Velora Nitely	
C	10062	7	0	0	0	1	0	9285	Steven Black	Stable Master
C	3504	7	0	0	0	0	0	338	Gil	
C	1052	7	0	1	0	0	0	3490	Dark Iron Saboteur	
C	3681	8	0	0	0	1	0	10045	Wisp	
C	2625	7	0	0	0	0	0	7160	Viznik Goldgrubber	Banker
C	8901	7	0	0	0	0	0	8755	Anvilrage Reservist	
C	587	7	0	0	0	0	0	4570	Bloodscalp Warrior	
C	2959	1	1	0	1	0	0	643	Prairie Stalker	
C	11097	7	0	0	0	0	0	10622	Drakk Stonehand	Master Leatherworking Trainer
C	3935	7	0	0	0	0	0	3236	Toddrick	Butcher
C	7009	7	0	1	0	1	0	5768	Arantir	The Hand of Chaos
C	3493	7	0	0	0	0	0	7095	Grazlix	Armorer & Shieldcrafter
C	14271	7	0	4	0	0	0	500	Ribchaser	
C	2969	1	7	0	1	0	0	1228	Wiry Swoop	
C	7458	7	0	0	0	0	0	10579	Ice Thistle Yeti	
C	1317	7	0	0	0	0	0	1492	Lucan Cordell	Expert Enchanter
C	7363	7	0	0	0	0	0	11653	Kum'isha the Collector	
C	341	7	0	0	0	1	0	1748	Foreman Oslow	
C	1341	7	0	0	0	0	0	1518	Wilhelm Strang	Mail Armor Merchant
C	12379	6	0	0	0	0	0	13951	Unliving Caretaker	
C	4701	1	0	0	0	0	0	1453	Dying Kodo	
C	7097	1	26	0	1	0	0	4877	Ironbeak Owl	
C	3211	7	0	0	0	0	0	3774	Brave Lightninghorn	
C	2465	7	0	0	0	0	0	4366	Far Seer Mok'thardin	
C	7295	7	0	0	0	0	0	6061	Shailiea	
C	4678	3	0	0	0	0	0	1913	Mana Eater	
C	1095	7	0	0	0	0	0	7205	Venture Co. Workboss	
C	5327	7	0	0	0	0	0	3215	Coast Crawl Snapclaw	
C	448	7	0	1	0	0	0	384	Hogger	
C	475	7	0	0	0	0	0	139	Kobold Tunneler	
C	17804	7	0	0	0	0	0	17250	Squire Rowe	
C	3426	1	0	0	0	0	0	2187	Zhevra Charger	
C	2327	7	0	0	0	0	0	1496	Shaina Fuller	First Aid Trainer
C	2652	7	0	0	0	0	0	6485	Witherbark Venomblood	
C	14433	10	0	4	0	0	0	8834	Sludginn	
C	5635	7	0	0	0	0	0	7005	Falstad Wildhammer	High Thane
C	3958	7	0	0	0	1	0	2062	Lardan	Leatherworking Supplies
C	3639	7	0	0	0	1	0	1750	Sentinel Tysha Moonblade	
C	8717	3	0	1	0	0	0	7970	Felguard Elite	
C	1732	7	0	1	0	0	0	2349	Defias Squallshaper	
C	1460	7	0	0	0	0	0	3465	Unger Statforth	Horse Breeder
C	376	7	0	0	0	0	0	1495	High Priestess Laurena	Priest Trainer
C	3390	7	0	0	0	1	0	1965	Apothecary Helbrim	
C	7055	1	1	0	1	0	0	741	Blackrock Worg	
C	12396	3	0	1	0	0	0	4426	Doomguard Commander	
C	239	7	0	0	0	1	0	3265	Grimbooze Thunderbrew	
C	896	7	0	0	0	0	0	3339	Veldan Lightfoot	Leather Armor Merchant
C	2530	7	0	0	0	0	0	4663	Yenniku	Darkspear Hostage
C	6190	7	0	0	0	0	0	6747	Spitelash Warrior	
C	9558	7	0	0	0	0	0	8846	Grimble	Shipmaster
C	1651	7	0	0	0	0	0	3272	Lee Brown	Fisherman
C	1515	7	0	0	0	0	0	1649	Executor Zygand	
C	6371	7	0	0	0	0	0	506	Storm Bay Warrior	
C	7034	7	0	0	0	0	0	11550	Firegut Ogre Mage	
C	1286	7	0	0	0	0	0	1440	Edna Mullby	Trade Supplier
C	8885	1	0	0	0	0	0	6469	Riding Raptor	
C	3094	6	0	0	0	0	0	146	Unseen	
C	4829	10	0	1	0	0	0	2837	Aku'mai	
C	12296	8	0	0	0	0	0	14951	Sickly Gazelle	
C	8956	1	4	0	1	0	0	9276	Angerclaw Bear	
C	3508	7	0	0	0	0	0	251	Mikey	
C	2198	7	0	0	0	0	0	1525	Crier Goodman	
C	3880	7	0	0	0	0	0	1957	Sentinel Melyria Frostshadow	
C	10923	7	0	0	0	0	0	10647	Tenell Leafrunner	Emerald Circle
C	744	2	0	0	0	0	0	7903	Green Scalebane	
C	4805	7	0	1	0	0	0	4982	Blackfathom Sea Witch	
C	2553	7	0	0	0	0	0	3993	Witherbark Shadowcaster	
C	7883	7	0	0	0	0	0	9073	Andre Firebeard	
C	1270	6	0	0	0	0	0	559	Fetid Corpse	
C	442	1	3	0	1	0	0	366	Tarantula	
C	2476	1	6	4	1	0	0	831	Large Loch Crocolisk	
C	6267	7	0	0	0	0	0	4951	Acolyte Porena	
C	1300	7	0	0	0	0	0	1432	Lawrence Schneider	Journeyman Tailor
C	4242	1	0	0	0	0	0	9956	Frostsaber Companion	
C	8211	1	1	4	1	0	0	11414	Old Cliff Jumper	
C	3136	7	0	0	0	1	0	4330	Clarise Gnarltree	Expert Blacksmith
C	7977	1	0	1	0	0	0	7114	Gammerita	
C	5243	7	0	1	0	0	0	4779	Cursed Atal'ai	
C	5500	7	0	0	0	0	0	3298	Tel'Athir	Journeyman Alchemist
C	8176	7	0	0	0	0	0	7384	Gharash	Blacksmithing Supplies
C	15174	7	0	0	0	0	0	15312	Calandrath	Innkeeper
C	3520	7	0	0	0	0	0	1544	Ol' Emma	
C	1480	7	0	0	0	0	0	3486	Caitlin Grassman	
C	8908	4	0	1	0	0	0	8179	Molten War Golem	
C	126	7	0	0	0	0	0	983	Murloc Coastrunner	
C	268	7	0	0	0	0	0	4324	Sirra Von'Indi	Historian of Darkshire
C	15520	1	0	0	0	0	0	15534	O'Reily	
C	5608	7	0	0	0	0	0	221	Jamin	
C	4387	4	0	0	0	0	0	1549	Withervine Mire Beast	
C	2182	7	0	0	0	0	0	4973	Stormscale Sorceress	
C	2970	1	7	0	1	0	0	1229	Swoop	
C	1339	7	0	0	0	0	0	1522	Mayda Thane	Cobbler
C	3487	7	0	0	0	1	0	4097	Kalyimah Stormcloud	Bags & Sacks
C	738	7	0	0	0	0	0	4664	Private Thorsen	
C	1767	7	0	0	0	0	0	441	Vile Fin Shredder	
C	8816	7	0	0	2	0	0	146	Deathly Usher	
C	6790	7	0	0	0	0	0	8191	Innkeeper Trelayne	Innkeeper
C	2369	7	0	0	0	0	0	11255	Daggerspine Shorehunter	
C	11069	7	0	0	0	0	0	10477	Jenova Stoneshield	Stable Master
C	11827	7	0	0	0	0	0	11747	Kimberly Grant	
C	917	7	0	0	0	0	0	1297	Keryn Sylvius	Rogue Trainer
C	3988	7	0	0	0	0	0	7230	Venture Co. Operator	
C	2236	1	8	0	1	0	0	1001	Raging Reef Crawler	
C	1725	7	0	1	0	0	0	184	Defias Watchman	
C	2502	7	0	0	0	0	0	1929	"Shaky" Phillipe	
C	1783	6	0	0	0	0	0	733	Skeletal Flayer	
C	684	1	2	0	1	0	0	633	Shadowmaw Panther	
C	1258	1	1	0	1	0	0	9562	Black Ravager Mastiff	
C	15659	7	0	0	0	0	0	15594	Auctioneer Jaxon	
C	199	1	7	0	1	0	0	410	Young Fleshripper	
C	905	1	0	0	0	0	0	705	Sharptooth Frenzy	
C	11682	7	0	0	0	0	0	11861	Horde Grunt	
C	11873	6	0	0	0	0	0	146	Spectral Attendant	
C	2974	1	0	0	0	0	0	10918	Kodo Matriarch	
C	6653	8	0	0	0	0	0	5379	Huge Toad	
C	690	1	0	0	0	0	0	8797	Cold Eye Basilisk	
C	1973	6	0	0	0	0	0	370	Ravenclaw Guardian	
C	2165	1	4	0	1	0	0	14316	Grizzled Thistle Bear	
C	2348	1	3	0	1	0	0	8014	Elder Moss Creeper	
C	499	7	0	0	0	0	0	2396	Watcher Paige	The Night Watch
C	2089	1	6	0	1	0	0	925	Giant Wetlands Crocolisk	
C	718	7	0	0	0	0	0	1659	Sir S. J. Erlgadin	
C	2843	7	0	0	0	0	0	4481	Jutak	Blade Trader
C	6087	7	0	0	0	0	0	4841	Astranaar Sentinel	
C	1142	7	0	0	0	0	0	11567	Mosh'Ogg Brute	
C	7036	7	0	0	0	0	0	6649	Thaurissan Spy	
C	879	7	0	1	0	0	0	1079	Saltscale Hunter	
C	11996	7	0	0	0	0	0	257	Ashley Bridenbecker	
C	5317	2	0	1	8	0	0	7974	Jademir Oracle	
C	15766	7	0	0	0	0	0	15728	Officer Maloof	Stormwind Commendations
C	644	7	0	1	0	0	0	14403	Rhahk'Zor	The Foreman
C	6237	7	0	0	0	0	0	2989	Stockade Archer	
C	14223	1	21	4	1	0	0	5026	Cranky Benj	
C	3931	4	0	0	0	0	0	1549	Shadethicket Oracle	
C	4809	7	0	1	0	0	0	2882	Twilight Acolyte	
C	6727	7	0	0	0	0	0	5407	Innkeeper Brianna	Innkeeper
C	12025	7	0	0	0	0	0	12047	Malvor	Herbalist
C	7027	7	0	0	0	0	0	6047	Blackrock Slayer	
C	14750	7	24	1	8	0	0	15303	Gurubashi Bat Rider	
C	5683	7	0	0	0	0	0	3989	Comar Villard	
C	9699	8	0	0	0	0	0	8971	Fire Beetle	
C	1304	7	0	0	0	0	0	1487	Darian Singh	Fireworks Vendor
C	2620	8	0	0	0	0	0	1072	Prairie Dog	
C	12358	1	0	0	0	0	0	6080	Riding Striped Frostsaber	
C	6301	7	0	0	0	0	0	5023	Gorbold Steelhand	General Trade Supplier
C	2439	7	0	0	0	0	0	5567	Major Samuelson	Stormwind City Guard
C	122	7	0	0	0	0	0	2342	Defias Highwayman	
C	2975	7	0	0	0	0	0	7243	Venture Co. Hireling	
C	3514	7	0	0	0	0	0	1527	Tenaron Stormgrip	
C	2721	7	0	0	0	0	0	4037	Forsaken Bodyguard	
C	7028	7	0	0	0	0	0	6048	Blackrock Warlock	
C	14556	1	0	0	0	0	0	14331	Swift Frostsaber	
C	9778	3	0	0	0	0	0	10817	Flamekin Torcher	
C	1021	1	11	0	1	0	0	677	Mottled Screecher	
C	4559	7	0	0	0	0	0	2653	Timothy Weldon	Heavy Armor Merchant
C	8997	7	0	0	0	0	0	8229	Gershala Nightwhisper	
C	1284	7	0	3	12	0	0	5072	Archbishop Benedictus	
C	1316	7	0	0	0	0	0	1485	Adair Gilroy	Librarian
C	1302	7	0	0	0	0	0	1425	Bernard Gump	Florist
C	1642	7	0	0	0	0	0	3167	Northshire Guard	
C	3478	7	0	0	0	1	0	3865	Traugh	Expert Blacksmith
C	7125	3	15	0	0	0	0	6172	Jaedenar Hound	
C	299	1	1	0	1	0	0	447	Young Wolf	
C	1518	7	0	0	0	0	0	1565	Apothecary Johaan	Royal Apothecary Society
C	3797	7	0	0	0	0	0	4253	Cenarion Protector	
C	2930	7	0	0	0	0	0	2865	Sentinel Glynda Nal'Shea	
C	1913	7	0	0	0	0	0	3592	Dalaran Warder	
C	988	7	0	0	0	0	0	4567	Kartosh	Warlock Trainer
C	3256	1	11	0	1	0	0	4442	Sunscale Scytheclaw	
C	11359	1	27	1	9	0	0	7829	Soulflayer	
C	7315	7	0	0	0	0	0	6071	Darnath Bladesinger	Warrior Trainer
C	5423	1	20	0	1	0	0	10987	Scorpid Tail Lasher	
C	7669	7	0	0	0	0	0	6874	Servant of Grol	
C	3704	7	0	0	0	0	0	3896	Mahani	Expert Tailor
C	5271	6	0	1	0	0	0	4773	Atal'ai Deathwalker	
C	4557	7	0	0	0	0	0	2636	Louis Warren	Weapons Merchant
C	2071	1	2	0	1	0	0	3031	Moonstalker Matriarch	
C	3752	3	0	0	0	0	0	2878	Xavian Rogue	
C	3442	7	0	0	0	0	0	7054	Sputtervalve	Tinkers' Union
C	3273	7	0	0	0	0	0	9443	Kolkar Stormer	
C	1318	7	0	0	0	0	0	1481	Jessara Cordell	Enchanting Supplies
C	8161	7	0	0	0	0	0	7383	Harggan	Blacksmithing Supplies
C	422	7	0	0	0	0	0	506	Murloc Flesheater	
C	9777	3	0	0	0	0	0	10816	Flamekin Sprite	
C	7381	1	0	0	0	0	0	5555	Silver Tabby	
C	3947	7	0	1	0	0	0	7112	Goblin Shipbuilder	
C	97	7	0	0	0	0	0	10791	Riverpaw Runt	
C	1159	6	0	0	0	0	0	3512	First Mate Snellig	
C	14738	7	0	0	0	0	0	14770	Otho Moji'ko	Cooking Supplier
C	374	7	0	0	0	0	0	4287	Cog Glitzspinner	
C	1309	7	0	0	0	0	0	1483	Wynne Larson	Robe Merchant
C	5724	7	0	0	0	0	0	4107	Ageron Kargal	
C	2504	7	0	0	0	0	0	1573	Donyal Tovald	Librarian
C	822	1	4	0	1	0	0	1006	Young Forest Bear	
C	8519	4	0	0	0	0	0	5497	Blighted Surge	
C	2657	1	0	0	0	0	0	1149	Trained Razorbeak	
C	4789	3	0	1	0	0	0	2011	Fallenroot Rogue	
C	1456	7	0	0	0	0	0	3478	Kersok Prond	Tradesman
C	14558	6	0	0	0	0	0	10721	Purple Skeletal Warhorse	
C	4830	1	0	1	0	0	0	1816	Old Serra'kis	
C	382	7	0	0	0	1	0	3454	Marshal Marris	
C	11744	4	0	0	0	0	0	8715	Dust Stormer	
C	3063	7	0	0	0	0	0	3794	Krang Stonehoof	Warrior Trainer
C	5624	6	0	0	0	0	0	10699	Undercity Guardian	
C	514	7	0	0	0	0	0	1288	Smith Argus	Journeyman Blacksmith
C	7455	1	26	0	1	0	0	6212	Winterspring Owl	
C	1547	3	0	0	0	0	0	9021	Decrepit Darkhound	
C	6089	7	0	0	0	0	0	4996	Harry Burlguard	
C	3517	7	0	0	0	0	0	5071	Rellian Greenspyre	
C	3430	7	0	0	0	0	0	1346	Mangletooth	
C	3485	7	0	0	0	1	0	3873	Wrahk	Tailoring Supplies
C	12375	1	0	0	0	0	0	2405	Chestnut Mare	
C	1487	7	0	0	0	0	0	6170	Splinter Fist Enslaver	
C	12377	6	0	0	0	0	0	11649	Wailing Spectre	
C	9566	7	0	0	0	1	0	8849	Zapetta	Zeppelin Master
C	7370	6	0	0	0	0	0	4870	Restless Shade	
C	7087	7	0	0	0	0	0	5845	Killian Hagey	Skinning Trainer
C	1495	7	0	0	0	1	0	2858	Deathguard Linnea	
C	7865	7	0	0	0	0	0	7859	Wildhammer Sentry	
C	3510	7	0	0	0	0	0	221	Twain	
C	1557	1	9	0	1	0	0	838	Elder Mistvale Gorilla	
C	656	7	0	0	0	0	0	2363	Wilder Thistlenettle	
C	2583	7	0	1	0	0	0	4139	Stromgarde Troll Hunter	
C	5280	2	0	1	0	0	0	7863	Nightmare Wyrmkin	
C	3089	7	0	0	0	0	0	3373	Sherman Femmel	Butcher
C	1802	6	0	0	0	0	0	4629	Hungering Wraith	
C	6966	7	0	0	0	1	0	5752	Lucius	
C	483	7	0	0	0	0	0	5546	Elaine Trias	Mistress of Cheese
C	1381	7	0	0	0	0	0	4373	Krakk	Superior Armorer
C	4185	7	0	0	0	0	0	4402	Shaldyn	Clothier
C	3746	7	0	0	0	0	0	6819	Foulweald Den Watcher	
C	1017	1	11	0	1	0	0	649	Highland Scytheclaw	
C	4553	7	0	0	0	0	0	2647	Ronald Burch	Cooking Supplier
C	15709	7	0	1	0	0	0	15670	Master Sergeant Moonshadow	War Effort Recruiter
C	10055	7	0	0	0	0	0	9274	Morganus	Stable Master
C	3449	7	0	0	0	1	0	3849	Darsok Swiftdagger	
C	1693	1	6	0	1	0	0	1034	Loch Crocolisk	
C	2845	7	0	0	0	0	0	4476	Fargon Mortalak	Superior Armorer
C	11683	7	0	0	0	0	0	11865	Horde Shaman	
C	46	7	0	0	0	0	0	441	Murloc Forager	
C	14344	1	4	4	1	0	0	14315	Mongress	
C	11096	7	0	0	0	0	0	10625	Randal Worth	Journeyman Leatherworker
C	10045	7	0	0	0	1	0	9265	Kirk Maxwell	Stable Master
C	1025	7	0	0	0	0	0	983	Bluegill Puddlejumper	
C	1348	7	0	0	0	0	0	1503	Gregory Ardus	Staff & Mace Merchant
C	74	7	0	0	0	0	0	1289	Kurran Steele	Cloth & Leather Armor Merchant
C	2953	7	0	0	0	0	0	6090	Bristleback Shaman	
C	1989	3	0	0	0	0	0	3023	Grellkin	
C	3819	1	3	0	1	0	0	1103	Wildthorn Stalker	
C	2622	7	0	0	0	0	0	4489	Sly Garrett	Shady Goods
C	943	7	0	0	0	0	0	4438	Kurzen Wrangler	
C	7939	7	0	0	0	0	0	7012	Feathermoon Sentinel	
C	1320	7	0	0	0	0	0	1517	Seoman Griffith	Leather Armor Merchant
C	5990	1	0	0	0	0	0	2743	Redstone Basilisk	
C	2686	1	3	0	1	0	0	1157	Witherbark Broodguard	
C	8897	7	0	0	0	0	0	8803	Doomforge Craftsman	
C	10378	7	0	1	0	0	0	9771	Omusa Thunderhorn	Wind Rider Master
C	682	1	2	0	1	0	0	320	Stranglethorn Tiger	
C	4339	2	0	2	0	0	0	6374	Brimgore	
C	15540	7	0	1	0	0	0	15550	Windcaller Kaldon	
C	1476	7	0	0	0	0	0	3491	Hargin Mundar	
C	3945	7	0	0	0	0	0	11353	Caravaneer Ruzzgot	
C	1571	7	0	1	0	0	0	5130	Shellei Brondir	Gryphon Master
C	10380	7	0	0	0	0	0	9772	Sanuye Runetotem	Leather Armor Merchant
C	915	7	0	0	0	0	0	3351	Jorik Kerridan	Rogue Trainer
C	3561	7	0	0	0	0	0	2233	Kyrai	Poison Vendor
C	4555	7	0	0	0	0	0	2660	Eleanor Rusk	General Goods Vendor
C	796	7	0	0	0	0	0	221	Joshua	
C	2322	1	12	0	1	0	0	178	Foreststrider	
C	2447	2	0	2	0	0	0	6371	Narillasanz	
C	11401	7	0	0	0	0	0	11048	Priestess Alathea	Priest Trainer
C	2234	1	8	0	1	0	0	999	Young Reef Crawler	
C	1349	7	0	0	0	0	0	1500	Agustus Moulaine	Mail Armor Merchant
C	473	7	0	0	0	0	0	2074	Morgan the Collector	
C	1448	7	0	0	0	0	0	3459	Neal Allen	Engineering & General Goods Supplier
C	3774	3	15	0	0	0	0	10950	Felslayer	
C	890	8	0	0	0	0	0	654	Fawn	
C	7448	1	0	0	0	0	0	10810	Chillwind Chimaera	
C	909	7	0	0	0	0	0	4279	Defias Night Blade	
C	11979	7	0	0	0	0	0	11929	Kim Bridenbecker	
C	6292	7	0	0	0	0	0	4985	Eladriel	Skinning Trainer
C	11365	1	2	1	9	0	0	633	Zulian Panther	
C	2371	7	0	0	0	0	0	4982	Daggerspine Siren	
C	11701	7	0	0	0	0	0	11667	Mor'vek	Ravasaur Trainers
C	3624	7	0	0	0	1	0	4292	Zudd	Pet Trainer
C	6306	7	0	0	0	0	0	5365	Helene Peltskinner	Skinner
C	10085	7	0	0	0	1	0	9294	Jaelysia	Stable Master
C	5498	7	0	0	0	0	0	3293	Elsharin	Mage Trainer
C	4077	7	0	0	0	1	0	2180	Gaxim Rustfizzle	
C	4712	7	0	0	0	0	0	11266	Slitherblade Sorceress	
C	7948	7	0	0	0	0	0	7018	Kylanna Windwhisper	Master Alchemist
C	934	7	0	0	0	0	0	3455	Guard Clarke	
C	11548	7	0	0	0	0	0	11359	Loh'atu	
C	11819	7	0	0	0	0	0	11750	Jory Zaga	
C	3477	7	0	0	0	1	0	3866	Hraq	Blacksmithing Supplier
C	300	7	0	0	0	0	0	655	Zzarc' Vul	
C	7942	7	0	0	0	0	0	7024	Faralorn	General Supplies
C	5424	1	20	0	1	0	0	10986	Scorpid Dunestalker	
C	269	7	0	0	0	0	0	4309	Role Dreuger	Deputy Mayor of Darkshire
C	1729	7	0	1	0	0	0	2318	Defias Evoker	
C	7313	7	0	0	0	0	0	6348	Priestess A'moora	
C	217	1	3	0	1	0	0	955	Venom Web Spider	
C	3059	7	0	0	0	0	0	3793	Harutt Thunderhorn	Warrior Trainer
C	4187	7	0	0	0	1	0	4407	Harlon Thornguard	Armorer & Shieldsmith
C	340	7	0	0	0	0	0	5728	Kendor Kabonka	Master of Cooking Recipes
C	3448	7	0	0	0	1	0	3914	Tonga Runetotem	
C	1192	1	5	0	1	0	0	1208	Elder Mountain Boar	
C	8931	7	0	0	0	1	0	8185	Innkeeper Heather	Innkeeper
C	15179	7	0	0	0	0	0	15317	Mishta	General Trade Goods Vendor
C	7032	4	0	0	0	0	0	5781	Greater Obsidian Elemental	
C	8300	1	25	4	1	0	0	10904	Ravage	
C	1868	6	0	0	0	0	0	828	Ravenclaw Servant	
C	7457	7	0	0	0	0	0	6767	Rogue Ice Thistle	
C	7316	7	0	0	0	1	0	6349	Sister Aquinne	Novice Priestess
C	7382	1	0	0	0	0	0	5554	Orange Tabby	
C	5998	7	0	0	0	0	0	6723	Nethergarde Foreman	
C	2186	7	0	4	0	0	0	5773	Carnivous the Breaker	
C	14378	7	0	1	0	0	0	14417	Huntress Skymane	
C	4959	7	0	0	0	0	0	4469	Jorgen	
C	4695	1	7	0	1	0	0	10825	Carrion Horror	
C	520	7	0	4	0	0	0	652	Brack	
C	14357	1	0	1	0	0	0	14390	Lake Thresher	
C	1224	1	0	0	0	0	0	867	Young Threshadon	
C	5462	4	0	0	0	0	0	5562	Sea Spray	
C	9697	1	1	0	1	0	0	9370	Giant Ember Worg	
C	663	7	0	0	0	1	0	2027	Calor	
C	15189	7	0	0	0	0	0	15323	Beetix Ficklespragg	
C	2201	7	0	0	0	0	0	346	Greymist Raider	
C	6026	7	0	1	0	0	0	4725	Breyk	Wind Rider Master
C	854	1	11	0	1	0	0	615	Young Jungle Stalker	
C	7092	10	0	0	0	0	0	11141	Tainted Ooze	
C	2349	1	3	0	1	0	0	6808	Giant Moss Creeper	
C	2535	6	0	0	0	0	0	987	Maury "Club Foot" Wilkins	
C	3592	7	0	0	0	0	0	1722	Andiss	Armorer & Shieldcrafter
C	4588	7	0	0	0	0	0	2613	Arthur Moore	Expert Leatherworker
C	267	7	0	0	0	0	0	1720	Clerk Daltry	
C	1554	1	24	0	1	0	0	8808	Vampiric Duskbat	
C	7643	7	0	0	0	0	0	6570	Bengor	
C	5416	7	0	0	0	0	0	4557	Infiltrator Marksen	
C	731	1	2	1	1	0	0	616	King Bangalash	
C	4696	1	20	0	1	0	0	2729	Scorpashi Snapper	
C	1788	6	0	1	0	0	0	775	Skeletal Warlord	
C	539	1	3	0	1	0	0	958	Pygmy Venom Web Spider	
C	11857	7	0	0	0	0	0	11790	Makaba Flathoof	
C	869	7	0	0	0	0	0	2366	Protector Dorana	The People's Militia
C	9163	1	0	0	0	0	0	8511	Diemetradon	
C	313	7	0	0	0	0	0	3348	Theocritus	Mage of Tower Azora
C	3072	7	0	0	0	0	0	3797	Kawnie Softbreeze	General Goods
C	525	1	1	0	1	0	0	903	Mangy Wolf	
C	5708	1	27	1	1	0	0	4065	Spawn of Hakkar	
C	3240	1	0	0	0	0	0	1537	Stormsnout	
C	14834	10	0	3	76	0	0	15295	Hakkar	
C	4484	7	0	0	0	0	0	2594	Feero Ironhand	
C	3062	7	0	0	0	0	0	10180	Meela Dawnstrider	Shaman Trainer
C	3178	7	0	0	0	0	0	3468	Stuart Fleming	Fisherman
C	3702	7	0	0	0	0	0	4487	Alanndarian Nightsong	
C	1976	7	0	0	0	0	0	3167	Stormwind City Patroller	
C	11912	7	0	0	0	0	0	11874	Grimtotem Brute	
C	4723	7	0	0	0	0	0	7207	Foreman Cozzle	
C	4561	7	0	0	0	0	0	2622	Daniel Bartlett	General Trade Supplier
C	5465	4	0	0	0	0	0	8550	Land Rager	
C	240	7	0	0	0	1	0	1985	Marshal Dughan	
C	3260	7	0	0	0	0	0	1274	Bristleback Water Seeker	
C	14272	2	0	4	0	0	0	497	Snarlflare	
C	295	7	0	0	0	0	0	1291	Innkeeper Farley	Innkeeper
C	4996	7	0	0	0	0	0	2985	Injured Stockade Guard	
C	3210	7	0	0	0	0	0	3771	Brave Proudsnout	
C	1259	7	0	0	0	0	0	652	Gobbler	
C	10580	6	0	0	0	0	0	4631	Fetid Zombie	
C	8905	4	0	1	0	0	0	8289	Warbringer Construct	
C	7047	2	0	0	0	0	0	397	Black Broodling	
C	7442	7	0	0	0	0	0	6211	Winterfall Pathfinder	
C	7946	7	0	0	0	0	0	7021	Brannock	Fisherman
C	1087	1	6	0	1	0	0	815	Sawtooth Snapper	
C	702	7	0	0	0	0	0	4571	Bloodscalp Scavenger	
C	10922	7	0	0	0	0	0	10253	Greta Mosshoof	Emerald Circle
C	2966	1	5	0	1	0	0	8869	Battleboar	
C	4562	7	0	0	0	0	0	2652	Thomas Mordan	Reagent Vendor
C	4210	7	0	0	0	0	0	2242	Alegorn	Cooking Trainer
C	1521	7	0	0	0	0	0	3515	Gretchen Dedmar	
C	9706	7	0	0	0	0	0	11388	Yorba Screwspigot	
C	11866	7	0	1	0	0	0	11802	Ilyenia Moonfire	Weapon Master
C	5917	7	0	0	0	0	0	4558	Clara Charles	
C	3705	7	0	0	0	0	0	3843	Gahroot	Butcher
C	789	7	0	0	0	0	0	3369	Kimberly Hiett	Fletcher
C	4457	7	0	0	0	0	0	652	Murkgill Forager	
C	8137	7	0	0	0	0	0	7354	Gikkix	Fisherman
C	11276	7	0	0	0	0	0	2306	Azshara Sentinel	
C	1464	7	0	0	0	0	0	3479	Innkeeper Helbrek	Innkeeper
C	5615	7	0	0	0	0	0	5571	Wastewander Rogue	
C	395	7	0	0	0	0	0	262	Markus	
C	1457	7	0	0	0	0	0	3464	Samor Festivus	Shady Dealer
C	2338	7	0	0	0	0	0	2873	Twilight Disciple	
C	1029	7	0	0	0	0	0	486	Bluegill Oracle	
C	2659	1	0	0	0	0	0	1148	Razorbeak Skylord	
C	1500	7	0	0	0	0	0	3516	Coleman Farthing	
C	252	7	0	0	0	1	0	3331	Tommy Joe Stonefield	
C	865	7	0	0	0	0	0	4506	Stonard Wayfinder	
C	3339	7	0	0	0	0	0	4245	Captain Thalo'thas Brightsun	
C	1561	7	0	0	0	0	0	793	Bloodsail Raider	
C	8213	1	21	4	1	0	0	7840	Ironback	
C	9694	1	1	0	1	0	0	11420	Slavering Ember Worg	
C	7683	7	0	0	0	0	0	6837	Alessandro Luca	Blue Moon Odds and Ends
C	8543	6	0	0	0	0	0	1693	Stitched Horror	
C	7031	4	0	0	0	0	0	2075	Obsidian Elemental	
C	7806	9	0	0	0	0	0	6909	Homing Robot OOX-09/HL	
C	5715	6	0	1	0	0	0	6702	Hukku	
C	876	7	0	0	0	0	0	2370	Protector Leick	The People's Militia
C	68	7	0	0	0	0	0	3167	Stormwind City Guard	
C	3150	7	0	0	0	0	0	11911	Hin Denburg	Zeppelin Master
C	7099	1	26	0	1	0	0	10829	Ironbeak Hunter	
C	5520	7	0	0	0	0	0	3316	Spackle Thornberry	Demon Trainer
C	9858	7	0	0	0	0	0	10754	Auctioneer Kresky	
C	4585	7	0	0	0	0	0	2625	Ezekiel Graves	Poison Vendor
C	5567	7	0	0	0	0	0	3444	Sellandus	Expert Tailor
C	1103	7	0	0	0	0	0	1290	Eldrin	Journeyman Tailor
C	8636	7	0	1	0	0	0	7918	Morta'gya the Keeper	
C	2585	7	0	1	0	0	0	4143	Stromgarde Vindicator	
C	491	7	0	0	0	1	0	3342	Quartermaster Lewis	Quartermaster
C	502	7	0	0	0	0	0	4422	Benny Blaanco	
C	15191	7	0	0	0	0	0	15353	Windcaller Proudhorn	
C	6289	7	0	0	0	1	0	4993	Rand Rhobart	Skinner
C	4212	7	0	0	0	0	0	2270	Telonis	Artisan Leatherworker
C	3711	7	0	0	0	0	0	6747	Wrathtail Myrmidon	
C	1160	6	0	0	0	0	0	3494	Captain Halyndor	
C	2409	7	0	1	0	0	0	5129	Felicia Maline	Gryphon Master
C	17598	7	0	0	0	0	0	12956	Renn'az	Ammunition Vendor
C	4961	7	0	0	0	0	0	3238	Dashel Stonefist	
C	4076	8	0	0	0	0	0	2177	Roach	
C	1922	1	1	0	1	0	0	380	Gray Forest Wolf	
C	118	1	1	0	1	0	0	11415	Prowler	
C	888	7	0	0	0	0	0	2384	Watcher Dodds	The Night Watch
C	1295	7	0	0	0	0	0	1445	Lara Moore	Leather Armor Merchant
C	12423	7	0	0	0	1	0	3258	Guard Roberts	
C	11626	7	0	0	0	0	0	11630	Rigger Gizelton	
C	15070	7	0	1	0	0	0	15205	Vinchaxa	Servitor of Zanza
C	8666	7	0	0	0	0	0	7935	Lil Timmy	Boy with kittens
C	5484	7	0	0	0	0	0	3282	Brother Benjamin	Priest Trainer
C	3838	7	0	1	0	0	0	1931	Vesprystus	Hippogryph Master
C	10157	7	0	0	0	0	0	12236	Moonkin Oracle	
C	2368	7	0	0	0	0	0	4763	Daggerspine Shorestalker	
C	5435	1	0	1	0	0	0	12193	Sand Shark	
C	15176	7	0	0	0	0	0	15318	Vargus	Blacksmith
C	735	7	0	0	0	0	0	527	Murloc Streamrunner	
C	2655	10	0	0	0	0	0	1145	Green Sludge	
C	16543	7	0	0	0	0	0	16252	Garon Hutchins	
C	2137	7	0	0	0	0	0	1634	Eliza Callen	Leather Armor Merchant
C	1370	7	0	0	0	0	0	338	Brandon	
C	4818	7	0	1	0	0	0	4920	Blindlight Murloc	
C	11700	7	0	0	0	0	0	11664	Sarin Starlight	
C	4727	1	0	0	0	0	0	2764	Elder Thunder Lizard	
C	821	7	0	0	0	1	0	2372	Captain Danuvin	The People's Militia
C	639	7	0	2	0	0	0	2029	Edwin VanCleef	Defias Kingpin
C	415	7	0	0	0	1	0	3358	Verner Osgood	
C	956	7	0	0	0	0	0	3353	Dorin Songblade	Armorer
C	1560	7	0	0	0	0	0	3517	Yvette Farthing	
C	4186	7	0	0	0	0	0	4406	Mavralyn	Leather Armor & Leatherworking Supplies
C	3181	7	0	0	0	0	0	3469	Fremal Doohickey	First Aid Trainer
C	127	7	0	0	0	0	0	1995	Murloc Tidehunter	
C	4812	7	0	1	0	0	0	2894	Twilight Loreseeker	
C	709	7	0	1	0	0	0	655	Mosh'Ogg Warmonger	
C	10460	7	0	0	0	0	0	10195	Prospector Ironboot	
C	5191	7	0	0	0	0	0	3131	Shalumon	Tabard Vendor
C	1151	1	6	0	1	0	0	2548	Saltwater Crocolisk	
C	4223	7	0	0	0	0	0	2254	Fyldan	Cooking Supplier
C	6166	7	0	0	0	0	0	4944	Yorus Barleybrew	
C	7949	7	0	0	0	0	0	7020	Xylinnia Starshine	Expert Enchanter
C	7390	1	0	0	0	0	0	6191	Cockatiel	
C	1415	7	0	0	0	0	0	2038	Suzanne	
C	2490	7	0	0	0	0	0	7165	First Mate Crazz	Blackwater Raiders
C	1949	7	0	0	0	0	0	5015	Servant of Azora	
C	880	7	0	0	0	0	0	3322	Erlan Drudgemoor	
C	2838	7	0	0	0	0	0	7181	Crazk Sparks	Fireworks Merchant
C	2501	7	0	0	0	0	0	1925	"Sea Wolf" MacKinley	
C	10219	7	0	0	0	1	0	9551	Gwennyth Bly'Leggonde	
C	3767	3	0	0	0	0	0	2018	Bleakheart Trickster	
C	1940	6	0	0	0	0	0	10855	Rot Hide Plague Weaver	
C	1680	7	0	0	0	1	0	3362	Matthew Hooper	Fishing Trainer
C	4334	2	0	0	0	0	0	8309	Firemane Flamecaller	
C	3892	7	0	0	0	0	0	4168	Relara Whitemoon	
C	5429	1	7	0	1	0	0	7348	Fire Roc	
C	3103	7	0	0	0	0	0	1940	Makrura Clacker	
C	6807	7	0	0	0	0	0	7105	Innkeeper Skindle	Innkeeper
C	7039	4	0	0	0	0	0	10806	War Reaver	
C	10666	6	0	0	0	0	0	10006	Gordo	
C	2386	7	0	0	0	0	0	3705	Southshore Guard	
C	11152	10	0	0	0	0	0	7804	The Scourge Cauldron	
C	2495	7	0	0	0	0	0	7166	Drizzlik	
C	8408	7	0	0	0	0	0	11271	Warlord Krellian	
C	4214	7	0	0	0	0	0	2252	Erion Shadewhisper	Rogue Trainer
C	5731	7	0	0	0	1	0	4108	Apothecary Vallia	Royal Apothecary Society
C	4415	1	3	0	1	0	0	11348	Giant Darkfang Spider	
C	873	7	0	1	0	0	0	11293	Saltscale Oracle	
C	5985	1	25	0	1	0	0	2714	Snickerfang Hyena	
C	5414	7	0	0	0	1	0	4341	Apothecary Faustin	Royal Apothecary Society
C	2168	7	0	0	0	0	0	1011	Blackwood Warrior	
C	9990	7	0	0	0	1	0	9574	Lanti'gah	
C	123	7	0	0	0	0	0	383	Riverpaw Mongrel	
C	1307	7	0	0	0	0	0	1480	Charys Yserian	Arcane Trinkets Vendor
C	3584	7	0	0	0	0	0	2723	Therylune	
C	226	7	0	0	0	1	0	4332	Morg Gnarltree	Armorer
C	3815	2	0	0	0	0	0	1267	Blink Dragon	
C	3607	7	0	0	0	1	0	1718	Androl Oakhand	Fisherman
C	1148	7	0	0	0	1	0	4377	Nerrist	Trade Goods
C	2592	4	0	0	0	0	0	9587	Rumbling Exile	
C	716	7	0	0	0	0	0	1413	Barnil Stonepot	
C	2663	7	0	0	0	0	0	7190	Narkk	Pirate Supplies
C	506	7	0	4	0	0	0	383	Sergeant Brashclaw	
C	10837	7	0	0	0	0	0	10150	High Executor Derrington	
C	898	7	0	0	0	0	0	657	Nightbane Worgen	
C	5426	1	25	0	1	0	0	1536	Blisterpaw Hyena	
C	2858	7	0	1	0	0	0	12938	Gringer	Wind Rider Master
C	272	7	0	0	0	0	0	1715	Chef Grual	
C	3954	7	0	0	0	1	0	2055	Dalria	Trade Goods
C	3745	7	0	0	0	0	0	937	Foulweald Pathfinder	
C	15684	7	0	0	0	0	0	15783	Auctioneer Tricket	
C	5118	7	0	1	0	0	0	3074	Brogun Stoneshield	Alterac Valley Battlemaster
C	12807	7	0	0	0	0	0	12689	Greshka	Demon Master
C	3834	4	0	0	0	0	0	2077	Crazed Ancient	
C	7880	7	0	0	0	0	0	6990	Ginro Hearthkindle	
C	2112	7	0	0	0	0	0	4319	Farrin Daris	
C	5225	1	0	1	0	0	0	4768	Murk Spitter	
C	4090	7	0	0	0	0	0	2200	Astarii Starseeker	Priest Trainer
C	4328	2	0	0	0	0	0	8310	Firemane Scalebane	
C	1367	7	0	0	0	0	0	221	Billy	
C	4824	1	21	1	1	0	0	1244	Aku'mai Fisher	
C	5494	7	0	0	0	0	0	3290	Catherine Leland	Fishing Supplier
C	1920	7	0	4	0	0	0	3589	Dalaran Spellscribe	
C	381	7	0	0	0	1	0	3360	Dockmaster Baren	
C	3060	7	0	0	0	0	0	3819	Gart Mistrunner	Druid Trainer
C	6007	7	0	0	0	0	0	6787	Shadowsworn Enforcer	
C	5988	1	20	0	1	0	0	6068	Scorpok Stinger	
C	4787	7	0	0	0	0	0	4946	Argent Guard Thaelrid	The Argent Dawn
C	8963	8	0	0	0	0	0	5556	Effsee	
C	8911	4	0	1	0	0	0	5488	Fireguard Destroyer	
C	10016	8	0	0	0	0	0	1141	Tainted Rat	
C	5357	5	0	1	0	0	0	10037	Land Walker	
C	2945	7	0	0	0	0	0	1194	Murdaloc	
C	2653	7	0	0	0	0	0	6489	Witherbark Sadist	
C	9039	6	0	1	0	0	0	8687	Doom'rel	
C	2177	6	0	0	0	0	0	5430	Writhing Highborne	
C	2532	7	0	0	0	0	0	252	Donna	
C	6379	1	0	0	0	0	0	10892	Thunderhead Patriarch	
C	2408	1	21	0	1	0	0	1244	Snapjaw	
C	3300	8	0	0	0	0	0	1986	Adder	
C	2544	1	8	0	1	0	0	9573	Southern Sand Crawler	
C	10078	3	0	4	0	0	0	1018	Terrorspark	
C	1422	7	0	0	0	0	0	4395	Corporal Sethman	
C	11196	7	0	0	0	0	0	11442	Shatterspear Drummer	
C	5717	6	0	1	0	0	0	6707	Mijan	
C	1483	7	0	0	0	0	0	2733	Murphy West	
C	2455	7	0	0	0	0	0	1450	Olivia Burnside	Banker
C	6348	10	0	0	0	0	0	10899	Wavethrasher	
C	820	7	0	0	0	1	0	2374	Scout Riell	The People's Militia
C	3996	7	0	0	0	1	0	4172	Faldreas Goeth'Shael	
C	2268	7	0	0	0	0	0	4125	Hillsbrad Footman	
C	834	1	1	0	1	0	0	643	Coyote	
C	12897	7	0	0	0	0	0	4841	Silverwing Warrior	
C	10924	7	0	0	0	0	0	10646	Ivy Leafrunner	Emerald Circle
C	2127	7	0	0	0	0	0	1604	Rupert Boch	Warlock Trainer
C	1421	7	0	0	0	0	0	4437	Private Merle	Rebel Soldier
C	10840	7	0	0	0	0	0	10211	Argent Officer Pureheart	The Argent Dawn
C	849	7	0	0	0	0	0	252	Rachel	
C	2980	7	0	0	0	0	0	3808	Grull Hawkwind	
C	3693	7	0	0	0	0	0	1956	Terenthis	
C	6778	7	0	0	0	0	0	5527	Melika Isenstrider	Assistant Innkeeper
C	7907	7	0	0	0	0	0	7025	Daryn Lightwind	Cenarion Lore Keeper
C	4307	7	0	0	0	1	0	4415	Heldan Galesong	Fisherman
C	116	7	0	0	0	0	0	2357	Defias Bandit	
C	5274	1	4	0	1	0	0	3200	Ironfur Patriarch	
C	2682	7	0	0	0	0	0	3482	Fradd Swiftgear	Engineering Supplies
C	8766	10	0	0	0	0	0	1306	Forest Ooze	
C	6244	7	0	0	0	1	0	4928	Takar the Seer	
C	3845	7	0	0	0	1	0	4126	Shindrell Swiftfire	
C	734	7	0	0	0	1	0	4398	Corporal Bluth	Camp Trader
C	797	7	0	0	0	0	0	338	Bo	
C	2950	7	0	0	0	0	0	1216	Palemane Skinner	
C	4331	2	0	0	0	0	0	8249	Firemane Ash Tail	
C	2233	1	8	0	1	0	0	9566	Encrusted Tide Crawler	
C	285	7	0	0	0	0	0	617	Murloc	
C	918	7	0	0	0	0	0	1507	Osborne the Night Man	Rogue Trainer
C	594	7	0	1	0	0	0	2323	Defias Henchman	
C	1323	7	0	0	0	0	0	1515	Osric Strang	Heavy Armor Merchant
C	2351	1	4	0	1	0	0	806	Gray Bear	
C	223	7	0	0	0	0	0	10619	Dan Golthas	Journeyman Leatherworker
C	4417	7	0	1	0	0	0	2440	Defias Taskmaster	
C	4244	1	0	0	0	0	0	780	Shadow	Dorion's Pet
C	1385	7	0	0	0	0	0	4365	Brawn	Expert Leatherworker
C	1646	7	0	0	0	0	0	1357	Baros Alexston	City Architect
C	7879	7	0	0	0	0	0	6984	Quintis Jonespyre	
C	10321	2	0	1	0	0	0	6374	Emberstrife	
C	921	7	0	0	0	0	0	7198	Venture Co. Lumberjack	
C	3432	7	0	0	0	1	0	3855	Mankrik	
C	5276	2	0	0	0	0	0	8471	Sprite Dragon	
C	8763	1	0	0	0	0	0	12682	Mistwing Rogue	
C	1769	7	0	0	0	0	0	11180	Moonrage Whitescalp	
C	3516	7	0	3	12	0	1	1542	Arch Druid Fandral Staghelm	
C	7857	7	0	0	0	0	0	6938	Southsea Dock Worker	
C	620	8	0	0	0	0	0	304	Chicken	
C	263	7	0	0	0	0	0	4321	Lord Ello Ebonlocke	Mayor of Darkshire
C	1550	1	0	0	0	0	0	8802	Thrashtail Basilisk	
C	14875	7	0	1	0	0	0	14993	Molthor	Hand of Rastakhan
C	8672	7	0	0	0	0	0	7995	Auctioneer Leeka	
C	3484	7	0	0	0	1	0	4094	Kil'hala	Journeyman Tailor
C	5082	7	0	0	0	0	0	3011	Vincent Hyal	
C	241	7	0	0	0	1	0	3254	Remy "Two Times"	
C	11828	7	0	0	0	0	0	11746	Kelly Grant	
C	3244	1	12	0	1	0	0	178	Greater Plainstrider	
C	8959	1	1	0	1	0	0	4124	Felpaw Wolf	
C	7385	1	0	0	0	0	0	5556	Bombay	
C	11830	7	0	1	0	0	0	11758	Hakkari Priest	
C	1082	1	6	0	1	0	0	807	Sawtooth Crocolisk	
C	3821	1	3	0	1	0	0	1104	Wildthorn Lurker	
C	4189	7	0	0	0	0	0	4401	Valdaron	Tailoring Supplies
C	2924	1	1	0	1	0	0	11419	Silvermane Wolf	
C	8920	7	0	0	0	0	0	8894	Weapon Technician	
C	5496	7	0	0	0	0	0	3286	Sandahl	Warlock Trainer
C	1915	7	0	0	0	0	0	3581	Dalaran Conjuror	
C	4054	7	0	0	0	0	0	2723	Laughing Sister	
C	11350	7	0	1	8	0	0	11074	Gurubashi Axe Thrower	
C	7996	7	0	1	0	0	0	7122	Qiaga the Keeper	
C	3076	7	0	0	0	0	0	3800	Moorat Longstride	General Goods
C	15675	7	0	0	0	0	0	15782	Auctioneer Stockton	
C	9862	3	0	0	0	0	0	9129	Jaedenar Legionnaire	
C	54	7	0	0	0	0	0	1287	Corina Steele	Weaponsmith
C	11680	7	0	0	0	0	0	11869	Horde Scout	
C	2459	7	0	0	0	0	0	2641	Mortimer Montague	Banker
C	5331	7	0	0	0	0	0	9135	Hatecrest Warrior	
C	1291	7	0	0	0	0	0	1439	Carla Granger	Cloth Armor Merchant
C	1481	7	0	0	0	1	0	4429	Bart Tidewater	Captain of the Maiden's Virtue
C	2680	1	1	0	1	0	0	781	Vilebranch Wolf Pup	
C	12160	7	0	0	0	0	0	4841	Shadowglen Sentinel	
C	14876	7	0	1	0	0	0	14998	Zandalar Headshrinker	
C	7869	7	0	0	0	1	0	6918	Brumn Winterhoof	Master Elemental Leatherworker
C	4008	1	0	0	0	0	0	1537	Cliff Stormer	
C	2635	1	6	1	1	0	0	1038	Elder Saltwater Crocolisk	
C	4679	3	0	0	0	0	0	159	Nether Maiden	
C	4558	7	0	0	0	0	0	2666	Lauren Newcomb	Light Armor Merchant
C	2385	1	2	0	1	0	0	1056	Feral Mountain Lion	
C	2247	7	0	0	0	0	0	3729	Syndicate Enforcer	
C	3338	7	0	1	0	0	0	3850	Sergra Darkthorn	
C	490	7	0	0	0	0	0	2367	Protector Gariel	The People's Militia
C	7440	7	0	0	0	0	0	6828	Winterfall Den Watcher	
C	1992	7	0	0	0	1	0	10034	Tarindrella	
C	3242	1	0	0	0	0	0	6087	Zhevra Runner	
C	2163	1	4	0	1	0	0	1006	Thistle Bear	
C	963	7	0	0	0	0	0	3279	Deputy Rainer	
C	15182	7	0	1	0	0	0	15320	Vish Kozus	Captain of the Guard
C	2031	1	2	0	1	0	0	11454	Young Nightsaber	
C	685	1	11	0	1	0	0	788	Stranglethorn Raptor	
C	2954	1	5	0	1	0	0	6807	Bristleback Battleboar	
C	3209	7	0	0	0	0	0	3770	Brave Windfeather	
C	7024	7	0	0	0	0	0	5783	Agent Kearnen	
C	5502	7	0	0	0	0	0	3296	Shylamiir	Herbalism Trainer
C	576	7	0	0	0	0	0	2375	Watcher Ladimore	The Night Watch
C	11216	6	0	0	0	0	0	10895	Eva Sarkhoff	
C	886	7	0	0	0	0	0	2387	Watcher Hartin	The Night Watch
C	1668	7	0	0	0	1	0	3259	William MacGregor	Bowyer
C	11562	7	0	0	0	0	0	11371	Drysnap Crawler	
C	4163	7	0	0	0	0	0	2231	Syurna	Rogue Trainer
C	3934	7	0	0	0	1	0	3881	Innkeeper Boorand Plainswind	Innkeeper
C	683	1	2	0	1	0	0	2437	Young Panther	
C	2128	7	0	0	0	0	0	1600	Cain Firesong	Mage Trainer
C	12805	7	0	0	0	0	0	12923	Officer Areyn	Accessories Quartermaster
C	1236	7	0	0	0	0	0	373	Kobold Digger	
C	11352	7	0	1	8	0	0	14832	Gurubashi Berserker	
C	426	7	0	0	0	0	0	500	Redridge Brute	
C	14890	2	0	3	44	0	0	15363	Taerar	
C	4556	7	0	0	0	0	0	2629	Gordon Wendham	Weapons Merchant
C	6427	6	0	1	0	0	0	4629	Haunting Phantasm	
C	3232	7	0	0	0	0	0	1274	Bristleback Interloper	
C	14235	10	0	4	0	0	0	11140	The Rot	
C	3221	7	0	0	0	0	0	3783	Brave Rockhorn	
C	14233	1	6	4	1	0	0	2549	Ripscale	
C	5714	6	0	1	0	0	0	6700	Loro	
C	10056	7	0	0	0	0	0	9275	Alassin	Stable Master
C	14487	7	0	4	0	0	0	5286	Gluggle	
C	3901	7	0	0	0	0	0	2721	Illiyana	
C	7126	3	15	0	0	0	0	6173	Jaedenar Hunter	
C	11374	1	0	1	8	0	0	15101	Hooktooth Frenzy	
C	1386	7	0	0	0	0	0	4380	Rogvar	Master Alchemist
C	4138	7	0	0	0	0	0	2205	Jeen'ra Nightrunner	Hunter Trainer
C	8531	6	0	0	0	0	0	10487	Gibbering Ghoul	
C	11459	4	0	1	0	0	0	13489	Ironbark Protector	
C	8016	7	0	0	0	0	0	4261	Barrens Guard	
C	3566	1	2	0	1	0	0	1056	Flatland Prowler	
C	11815	7	0	0	0	0	0	11737	Voriya	
C	5504	7	0	0	0	0	0	3300	Sheldras Moontree	Druid Trainer
C	1756	7	0	0	0	0	0	3167	Stormwind Royal Guard	
C	5591	7	0	0	0	0	0	3508	Dar	
C	1673	7	0	0	0	0	0	257	Alyssa Eva	Reagent Vendor
C	11576	4	0	0	0	0	0	8714	Whirlwind Ripper	
C	1157	6	0	0	0	0	0	3505	Cursed Sailor	
C	4784	7	0	0	0	0	0	5084	Argent Guard Manados	The Argent Dawn
C	9695	1	20	0	1	0	0	10984	Deathlash Scorpid	
C	348	7	0	0	0	1	0	3359	Zem Leeward	
C	2130	7	0	0	0	0	0	1603	Marion Call	Rogue Trainer
C	3263	7	0	0	0	0	0	6091	Bristleback Geomancer	
C	4697	1	20	0	1	0	0	2765	Scorpashi Lasher	
C	485	7	0	0	0	0	0	6034	Blackrock Outrunner	
C	760	7	0	0	0	0	0	628	Lost One Muckdweller	
C	8675	3	0	0	0	0	0	7949	Felbeast	
C	1150	1	6	0	1	0	0	1039	River Crocolisk	
C	11916	7	0	0	0	0	0	1471	Imelda	
C	986	7	0	0	0	0	0	4552	Haromm	Shaman Trainer
C	8541	6	0	0	0	0	0	10751	Hate Shrieker	
C	7112	7	0	0	0	0	0	6389	Jaedenar Cultist	
C	10599	7	0	0	0	0	0	9936	Hulfnar Stonetotem	
C	1096	7	0	0	0	0	0	7197	Venture Co. Geologist	
C	3509	7	0	0	0	0	0	338	Geoff	
C	10160	7	0	0	0	0	0	12237	Raging Moonkin	
C	8958	1	4	0	1	0	0	1083	Angerclaw Mauler	
C	831	1	8	0	1	0	0	979	Sea Crawler	
C	11441	7	0	1	0	0	0	12473	Gordok Brute	
C	233	7	0	0	0	1	0	1943	Farmer Saldean	
C	11831	7	0	1	8	0	0	11762	Hakkari Witch Doctor	
C	11936	6	0	0	0	0	0	11890	Artist Renfray	
C	8723	7	0	0	0	0	0	7996	Auctioneer Golothas	
C	7856	7	0	0	0	0	0	6948	Southsea Freebooter	
C	4193	7	0	0	0	0	0	4400	Grondal Moonbreeze	Journeyman Tailor
C	4165	7	0	0	0	1	0	7669	Elissa Dumas	Portal Trainer
C	11717	7	0	0	0	0	0	11692	Bethan Bluewater	
C	2487	7	0	0	0	0	0	1667	Fleet Master Seahorn	Blackwater Raiders
C	8297	7	0	4	0	0	0	11564	Magronos the Unyielding	
C	1817	1	1	0	1	0	0	4124	Diseased Wolf	
C	10647	3	0	4	0	0	0	11331	Prince Raze	
C	3229	7	0	0	0	0	0	1254	"Squealer" Thornmantle	
C	15351	7	0	0	0	0	0	15389	Alliance Brigadier General	
C	3841	7	0	1	0	0	0	1932	Caylais Moonfeather	Hippogryph Master
C	261	7	0	0	0	0	0	1984	Guard Thomas	
C	8257	10	0	0	0	0	0	7763	Oozeling	
C	4730	7	0	0	0	0	0	2788	Lelanai	Saber Handler
C	1909	7	0	0	0	0	0	757	Vile Fin Lakestalker	
C	2167	7	0	0	0	0	0	1010	Blackwood Pathfinder	
C	264	7	0	0	0	0	0	4322	Commander Althea Ebonlocke	Leader of The Night Watch
C	7871	7	0	0	0	0	0	7042	Se'Jib	Master Tribal Leatherworker
C	4182	7	0	0	0	0	0	4404	Dalmond	General Goods
C	2594	7	0	0	0	0	0	7212	Sprogger	
C	3577	7	0	0	0	0	0	3538	Dalaran Brewmaster	
C	7118	7	0	0	0	0	0	6393	Jaedenar Darkweaver	
C	10641	4	0	4	0	0	0	8389	Branch Snapper	
C	4554	7	0	0	0	0	0	2674	Tawny Grisette	Mushroom Vendor
C	1257	7	0	0	0	0	0	1431	Keldric Boucher	Arcane Goods Vendor
C	867	7	0	0	0	0	0	4508	Stonard Cartographer	
C	4208	7	0	0	0	0	0	2259	Lairn	Banker
C	3824	1	1	0	1	0	0	1207	Ghostpaw Howler	
C	4314	7	0	1	0	0	0	4311	Gorkas	Wind Rider Master
C	2069	1	2	0	1	0	0	321	Moonstalker	
C	3952	7	0	0	0	1	0	2054	Aeolynn	Clothier
C	3490	7	0	0	0	1	0	4096	Hula'mahi	Reagents and Herbs
C	7878	7	0	0	0	0	0	6986	Vestia Moonspear	
C	2324	7	0	0	0	0	0	6820	Blackwood Windtalker	
C	12900	2	0	1	0	0	0	7553	Somnus	
C	11041	7	0	0	0	0	0	10573	Milla Fairancora	Journeyman Alchemist
C	2692	7	0	0	0	0	0	6549	Highvale Scout	
C	15768	7	0	0	0	0	0	15725	Officer Gothena	Undercity Commendations
C	2094	7	0	0	0	0	0	1408	James Halloran	
C	7395	1	0	0	0	0	0	2177	Cockroach	
C	7111	3	0	0	0	0	0	11335	Jadefire Hellcaller	
C	1301	7	0	0	0	0	0	1443	Julia Gallina	Wine Vendor
C	6375	1	0	0	0	0	0	6757	Thunderhead Hippogryph	
C	12341	6	0	0	0	0	0	10671	Blue Skeletal Horse	
C	3661	7	0	0	0	1	0	2530	Balthule Shadowstrike	
C	2626	7	0	0	0	0	0	4491	Old Man Heming	Fisherman
C	2564	7	0	0	0	0	0	1054	Boulderfist Enforcer	
C	3820	1	3	0	1	0	0	336	Wildthorn Venomspitter	
C	2244	7	0	0	0	0	0	3621	Syndicate Shadow Mage	
C	2627	7	0	0	0	0	0	7176	Grarnik Goodstitch	Expert Tailor
C	5759	7	0	0	0	0	0	4179	Nurse Neela	First Aid Trainer
C	4155	7	0	0	0	1	0	2210	Idriana	Banker
C	923	1	1	0	1	0	0	246	Young Black Ravager	
C	3814	1	8	0	1	0	0	1001	Spined Crawler	
C	2837	7	0	0	0	0	0	7174	Jaxin Chong	Expert Alchemist
C	2188	1	0	0	0	0	0	995	Deep Sea Threshadon	
C	14404	7	0	1	0	0	0	14454	Seeker Thompson	
C	15676	7	0	0	0	0	0	15784	Auctioneer Yarly	
C	523	7	0	1	0	0	0	3263	Thor	Gryphon Master
C	2032	1	2	0	1	0	0	11448	Mangy Nightsaber	
C	3548	7	0	0	0	0	0	1639	Selina Weston	Alchemy & Herbalism Supplies
C	4799	3	0	1	0	0	0	2021	Fallenroot Hellcaller	
C	1427	7	0	0	0	0	0	5551	Harlan Bagley	
C	11577	4	0	0	0	0	0	11373	Whirlwind Stormwalker	
C	2542	7	0	0	0	0	0	1546	Catelyn the Blade	Blackwater Raiders
C	2913	7	0	0	0	1	0	1286	Archaeologist Hollee	Explorers' League
C	4953	8	0	0	0	0	0	1986	Moccasin	
C	2189	7	0	0	0	0	0	2452	Vile Sprite	
C	4392	10	0	0	0	0	0	2569	Corrosive Swamp Ooze	
C	2267	7	0	0	0	0	0	11035	Hillsbrad Peasant	
C	206	7	0	0	0	0	0	522	Nightbane Vile Fang	
C	2559	1	11	0	1	0	0	11316	Highland Strider	
C	1114	1	9	0	1	0	0	845	Jungle Thunderer	
C	1953	4	0	0	0	0	0	863	Lake Skulker	
C	1324	7	0	0	0	0	0	1512	Heinrich Stone	Blade Merchant
C	10061	7	0	0	0	1	0	9283	Killium Bouldertoe	Stable Master
C	12336	7	0	0	0	0	0	13049	Brother Crowley	Scarlet Crusade Emissary
C	4550	6	0	0	0	0	0	3942	Ophelia Montague	Banker
C	856	1	11	0	1	0	0	2571	Young Lashtail Raptor	
C	5403	1	0	0	0	0	0	2410	White Stallion	
C	5422	1	20	0	1	0	0	2414	Scorpid Hunter	
C	14722	7	0	0	0	0	0	14753	Clavicus Knavingham	Alliance Cloth Quartermaster
C	4412	1	3	0	1	0	0	2546	Darkfang Creeper	
C	3480	7	0	0	0	1	0	3867	Moorane Hearthgrain	Baker
C	755	7	0	0	0	0	0	628	Lost One Mudlurker	
C	4458	7	0	0	0	0	0	478	Murkgill Hunter	
C	4841	1	6	0	1	0	0	2850	Deadmire	
C	11346	7	0	1	0	0	0	11158	Hakkari Oracle	
C	1018	1	11	0	1	0	0	180	Highland Razormaw	
C	4075	8	0	0	0	0	0	1141	Rat	
C	1789	6	0	0	0	0	0	9790	Skeletal Acolyte	
C	15102	7	0	0	0	0	0	15255	Silverwing Emissary	
C	2961	1	2	0	1	0	0	11451	Mountain Cougar	
C	13160	1	0	0	0	0	0	13096	Carrion Swarmer	
C	8762	1	3	0	1	0	0	8014	Timberweb Recluse	
C	2323	1	12	0	1	0	0	1283	Giant Foreststrider	
C	15184	7	0	1	0	0	0	15304	Cenarion Hold Infantry	
C	11681	7	0	0	0	0	0	11853	Horde Deforester	
C	1867	7	0	0	0	0	0	3767	Dalaran Apprentice	
C	832	4	0	0	0	0	0	5327	Dust Devil	
C	3035	1	2	0	1	0	0	1059	Flatland Cougar	
C	4753	7	0	0	0	0	0	5070	Jartsam	Riding Trainer
C	11872	7	0	0	0	0	0	11800	Myranda the Hag	
C	7714	7	0	0	0	0	0	6550	Innkeeper Byula	Innkeeper
C	3925	7	0	0	0	0	0	6823	Thistlefur Avenger	
C	3246	1	12	0	1	0	0	1284	Fleeting Plainstrider	
C	464	7	0	0	0	1	0	2150	Guard Parker	
C	1346	7	0	0	0	0	0	1502	Georgio Bolero	Artisan Tailor
C	2894	7	0	0	0	0	0	721	Stonevault Shaman	
C	1146	7	0	0	0	1	0	4389	Vharr	Superior Weaponsmith
C	5419	1	0	0	0	0	0	141	Glasshide Basilisk	
C	3513	7	0	0	0	0	0	1526	Miss Danna	School Mistress
C	5047	7	0	0	0	0	0	3001	Ellaercia	Tabard Designer
C	8758	3	0	1	0	0	0	1913	Zaman	Loramus's Guardian
C	4129	1	25	0	1	0	0	2711	Hecklefang Snarler	
C	3483	7	0	0	0	1	0	3872	Jahan Hawkwing	Leather & Mail Armor Merchant
C	5235	10	0	1	0	0	0	682	Fungal Ooze	
C	7916	7	0	0	0	1	0	7026	Erelas Ambersky	
C	15677	7	0	0	0	0	0	7993	Auctioneer Graves	
C	3626	7	0	0	0	0	0	1697	Jenn Langston	
C	441	2	0	0	0	0	0	387	Black Dragon Whelp	
C	1738	7	0	0	0	0	0	2862	Deathguard Terrence	
C	1895	7	0	1	0	0	0	2535	Pyrewood Elder	
C	4260	9	0	0	0	0	0	1269	Venture Co. Shredder	
C	8899	7	0	1	0	0	0	8820	Doomforge Dragoon	
C	14994	10	0	0	0	0	0	13069	Zandalarian Event Generator	
C	2097	7	0	0	0	0	0	1674	Harlo Barnaby	
C	5308	1	27	0	1	0	0	3204	Rogue Vale Screecher	
C	215	7	0	0	0	0	0	4276	Defias Night Runner	
C	1064	7	0	0	0	0	0	4368	Grom'gol Grunt	
C	3721	10	0	0	0	0	0	10898	Mystlash Hydra	
C	1452	7	0	0	0	0	0	3476	Gruham Rumdnul	General Supplies
C	8759	1	0	0	0	0	0	8013	Mosshoof Runner	
C	5492	7	0	0	0	0	0	3289	Katherine the Pure	Paladin Trainer
C	2560	1	11	0	1	0	0	180	Highland Thrasher	
C	7945	7	0	0	0	0	0	7023	Savanne	Fishing Supplies
C	5482	7	0	0	0	0	0	3281	Stephen Ryback	Cooking Trainer
C	12877	7	0	0	0	0	0	12790	Ertog Ragetusk	
C	8019	7	0	1	0	0	0	7249	Fyldren Moonfeather	Hippogryph Master
C	6093	7	0	0	0	0	0	4947	Dead-Tooth Jack	
C	4160	7	0	0	0	0	0	10624	Ainethil	Artisan Alchemist
C	3589	7	0	0	0	0	0	1728	Keina	Bowyer
C	2373	7	0	0	0	0	0	662	Mudsnout Shaman	
C	2847	7	0	0	0	0	0	4479	Jansen Underwood	Blacksmithing Supplies
C	13322	4	0	1	0	0	0	5564	Hydraxian Honor Guard	
C	458	7	0	0	0	0	0	757	Murloc Hunter	
C	3936	7	0	0	0	0	0	2035	Shandris Feathermoon	General of the Sentinel Army
C	1387	7	0	1	0	0	0	1868	Thysta	Wind Rider Master
C	383	7	0	0	0	0	0	3273	Jason Mathers	Fishmonger
C	2649	7	0	0	0	0	0	6479	Witherbark Scalper	
C	8981	4	0	4	0	0	0	10802	Malfunctioning Reaver	
C	3823	1	1	0	1	0	0	802	Ghostpaw Runner	
C	8965	7	0	0	0	0	0	221	Shawn	
C	850	7	0	0	0	0	0	257	Erin	
C	8496	7	0	0	0	0	0	7909	Liv Rizzlefix	Workshop Assistant
C	6173	7	0	0	0	0	0	4887	Gazin Tenorm	
C	3595	7	0	0	0	0	0	1733	Shanda	Priest Trainer
C	983	7	0	0	0	0	0	4564	Thultazor	Arcane Goods Vendor
C	4215	7	0	0	0	0	0	2243	Anishar	Rogue Trainer
C	9559	7	0	0	0	0	0	8847	Grizzlowe	Shipmaster
C	1775	7	0	0	0	0	0	4555	Zun'dartha	
C	4974	7	0	0	0	0	0	2974	Aldwin Laughlin	Guild Master
C	4786	7	0	0	0	0	0	5225	Dawnwatcher Shaedlass	The Argent Dawn
C	10059	7	0	0	0	0	0	9282	Antarius	Stable Master
C	14517	7	0	3	76	0	0	15219	High Priestess Jeklik	
C	8123	7	0	0	0	0	0	7337	Rickle Goldgrubber	Banker
C	10838	7	0	0	0	0	0	10151	Commander Ashlam Valorfist	
C	279	7	0	0	0	0	0	5082	Morgan Pestle	
C	1678	7	0	0	0	1	0	3361	Vernon Hale	Bait and Tackle Supplier
C	6299	7	0	0	0	0	0	5021	Delfrum Flintbeard	Journeyman Blacksmith
C	2708	7	0	0	0	0	0	2968	Archmage Malin	
C	11016	7	0	0	0	0	0	10407	Captured Arko'narin	
C	2176	6	0	0	0	0	0	985	Cursed Highborne	
C	14725	7	0	0	0	0	0	14755	Raedon Duskstriker	Alliance Cloth Quartermaster
C	4677	3	0	0	0	0	0	5049	Doomwarder	
C	3523	7	0	0	0	0	0	1606	Bowen Brisboise	Journeyman Tailor
C	1382	7	0	0	0	0	0	4376	Mudduk	Superior Cook
C	69	1	1	0	1	0	0	604	Timber Wolf	
C	3255	1	11	0	1	0	0	1747	Sunscale Screecher	
C	2967	7	0	0	0	0	0	9410	Galak Centaur	
C	1816	1	4	0	1	0	0	1083	Diseased Grizzly	
C	9047	7	0	0	0	0	0	8354	Jenal	Ditch Digger
C	2442	8	0	0	0	0	0	1060	Cow	
C	14821	1	11	1	9	0	0	2571	Razzashi Raptor	
C	8719	7	0	0	0	0	0	7992	Auctioneer Fitch	
C	4616	7	0	0	0	0	0	12955	Lavinia Crowe	Expert Enchanter
C	15682	7	0	0	0	0	0	15780	Auctioneer Cain	
C	424	7	0	0	0	0	0	551	Redridge Poacher	
C	2470	7	0	0	0	0	0	9232	Watcher Fraizer	The Night Watch
C	984	7	0	0	0	0	0	4565	Thralosh	Cloth & Leather Armor Merchant
C	1158	6	0	0	0	0	0	11372	Cursed Marine	
C	15043	1	6	1	9	0	0	833	Zulian Crocolisk	
C	213	1	1	0	1	0	0	801	Starving Dire Wolf	
C	5401	7	0	1	0	0	0	6694	Kazkaz the Unholy	
C	11824	7	0	0	0	0	0	11743	Erik Felixe	
C	3593	7	0	0	0	0	0	1721	Alyissia	Warrior Trainer
C	3962	7	0	0	0	1	0	2060	Haljan Oakheart	General Goods
C	12903	7	0	0	0	0	0	4264	Splintertree Guard	
C	11353	7	0	1	8	0	0	11080	Gurubashi Blood Drinker	
C	877	7	0	1	0	0	0	4920	Saltscale Forager	
C	3292	7	0	0	0	1	0	3851	Brewmaster Drohn	
C	4209	7	0	0	0	1	0	2256	Garryeth	Banker
C	913	7	0	0	0	0	0	1300	Lyria Du Lac	Warrior Trainer
C	864	7	0	0	0	0	0	4501	Stonard Orc	
C	2981	7	0	0	0	0	0	3809	Chief Hawkwind	
C	9977	7	0	0	0	0	0	9249	Sylista	Stable Master
C	30	1	3	0	1	0	0	382	Forest Spider	
C	8881	8	0	0	0	0	0	2736	Riding Ram	
C	5670	7	0	0	0	0	0	4005	Edrick Killian	
C	17082	7	0	0	0	0	0	16837	Rifleman Torrig	
C	2457	7	0	0	0	0	0	1437	John Burnside	Banker
C	3482	7	0	0	0	1	0	4095	Tari'qa	Trade Supplies
C	5277	2	0	1	0	0	0	7903	Nightmare Scalebane	
C	17081	7	0	0	0	0	0	16836	Scout Bloodfist	
C	6194	7	0	0	0	0	0	6748	Spitelash Serpent Guard	
C	205	7	0	0	0	0	0	736	Nightbane Dark Runner	
C	5506	7	0	0	0	0	0	3302	Maldryn	Druid Trainer
C	2929	7	0	0	0	0	0	12238	Savage Owlbeast	
C	2488	7	0	0	0	0	0	1282	Deeg	Blackwater Raiders
C	4220	7	0	0	0	0	0	2247	Cyroen	Reagent Vendor
C	4418	7	0	1	0	0	0	2447	Defias Wizard	
C	5461	4	0	0	0	0	0	5450	Sea Elemental	
C	4009	1	0	0	0	0	0	1538	Raging Cliff Stormer	
C	2350	1	3	0	1	0	0	1989	Forest Moss Creeper	
C	3274	7	0	0	0	0	0	9445	Kolkar Pack Runner	
C	8721	7	0	0	0	0	0	7994	Auctioneer Epitwee	
C	14425	7	0	4	0	0	0	543	Gnawbone	
C	4467	7	0	0	0	0	0	6535	Vilebranch Soothsayer	
C	15180	7	0	0	0	1	0	15311	Baristolth of the Shifting Sands	
C	951	7	0	0	0	0	0	3253	Brother Paxton	Librarian
C	2407	1	2	0	1	0	0	2300	Hulking Mountain Lion	
C	1454	7	0	0	0	0	0	5033	Jennabink Powerseam	Tailoring Supplies & Specialty Goods
C	117	7	0	0	0	0	0	175	Riverpaw Gnoll	
C	2491	7	0	0	0	0	0	4717	Whiskey Slim	Blackwater Raiders
C	325	7	0	0	0	0	0	4320	Hogan Ference	
C	2310	7	0	0	0	0	0	3528	Jamie Nore	
C	2344	7	0	1	0	0	0	3763	Dun Garok Mountaineer	
C	14902	7	0	1	0	0	0	14994	Jin'rokh the Breaker	
C	4228	7	0	0	0	0	0	2274	Vaean	Enchanting Supplies
C	6670	7	0	0	0	1	0	3264	Westfall Woodworker	
C	5261	7	0	1	0	0	0	6672	Enthralled Atal'ai	
C	2046	7	0	0	0	0	0	3340	Andrew Krighton	Armorer & Shieldcrafter
C	657	7	0	1	0	0	0	2347	Defias Pirate	
C	11813	7	0	0	0	0	0	11741	Kerr Ironsight	
C	1013	7	0	0	0	0	0	714	Mosshide Mystic	
C	6491	7	0	0	2	0	0	5233	Spirit Healer	
C	1794	6	0	0	0	0	0	10626	Soulless Ghoul	
C	1070	7	0	0	0	1	0	2151	Deputy Feldon	
C	5984	1	25	0	1	0	0	8050	Starving Snickerfang	
C	11709	7	0	0	0	0	0	11680	Jareth Wildwoods	
C	2345	7	0	1	0	0	0	3761	Dun Garok Rifleman	
C	3149	7	0	0	0	0	0	9352	Nez'raz	Zeppelin Master
C	3703	7	0	0	0	0	0	3895	Krulmoo Fullmoon	Expert Leatherworker
C	928	7	0	0	0	0	0	1499	Lord Grayson Shadowbreaker	Paladin Trainer
C	1676	7	0	0	0	0	0	4285	Finbus Geargrind	Expert Engineer
C	10293	7	0	0	0	0	0	9822	Dulciea Frostmoon	Cloth Armor Merchant
C	7048	2	0	0	0	0	0	400	Scalding Broodling	
C	1084	1	6	0	1	0	0	814	Young Sawtooth Crocolisk	
C	15762	7	0	0	0	0	0	15727	Officer Lunalight	Darnassus Commendations
C	5688	7	0	0	0	0	0	8190	Innkeeper Renee	Innkeeper
C	5602	7	0	0	0	0	0	9427	Khan Shaka	
C	6148	5	0	1	0	0	0	12813	Cliff Walker	
C	681	1	2	0	1	0	0	598	Young Stranglethorn Tiger	
C	4702	1	0	0	0	0	0	2767	Ancient Kodo	
C	12381	10	0	0	0	0	0	12432	Ley Sprite	
C	1299	7	0	0	0	0	0	1447	Lisbeth Schneider	Clothier
C	4262	7	0	0	0	0	0	2306	Darnassus Sentinel	
C	1889	7	0	0	0	0	0	3585	Dalaran Wizard	
C	271	7	0	0	0	0	0	1713	Ambassador Berrybuck	Council of Darkshire
C	3583	7	0	0	0	1	0	4414	Barithras Moonshade	
C	14901	7	0	0	0	1	0	10038	Peon	
C	4489	7	0	0	0	0	0	3907	Braug Dimspirit	
C	10902	10	0	0	0	0	0	7804	Andorhal Tower One	
C	6394	7	0	0	0	0	0	5373	Ruga Ragetotem	
C	100	7	0	4	0	0	0	175	Gruff Swiftbite	
C	11554	7	0	0	0	0	0	5851	Grazle	
C	941	7	0	0	0	0	0	4444	Kurzen Headshrinker	
C	4181	7	0	0	0	0	0	2230	Fyrenna	Food & Drink Vendor
C	9296	7	0	0	0	0	0	8489	Milly Osworth	
C	5497	7	0	0	0	0	0	3292	Jennea Cannon	Mage Trainer
C	14508	7	0	0	0	0	0	14561	Short John Mithril	
C	2952	7	0	0	0	0	0	1967	Bristleback Quilboar	
C	7033	7	0	0	0	0	0	11549	Firegut Ogre	
C	1239	7	0	0	0	1	0	1699	First Mate Fitzsimmons	
C	1027	7	0	0	0	0	0	506	Bluegill Warrior	
C	2499	7	0	0	0	0	0	7429	Markel Smythe	
C	3715	7	0	0	0	0	0	4981	Wrathtail Sea Witch	
C	10857	7	0	0	0	0	0	10213	Argent Quartermaster Lightspark	The Argent Dawn
C	2694	7	0	0	0	0	0	6548	Highvale Ranger	
C	14921	7	0	1	0	0	0	15012	Rin'wosho the Trader	Zandalar Supplies and Repair
C	14910	7	0	1	0	0	0	15003	Exzhal	Servitor of Rastakhan
C	2317	7	0	0	0	0	0	1361	Elysa	
C	8960	1	1	0	1	0	0	9278	Felpaw Scavenger	
C	2976	7	0	0	0	0	0	7244	Venture Co. Laborer	
C	2070	1	2	0	1	0	0	11449	Moonstalker Runt	
C	2486	7	0	0	0	0	0	7162	Fin Fizracket	Blackwater Raiders
C	1297	7	0	0	0	0	0	1446	Lina Stover	Bow & Gun Merchant
C	2816	7	0	0	0	1	0	3965	Androd Fadran	Leatherworking Supplies
C	619	7	0	1	0	0	0	2329	Defias Conjurer	
C	2972	1	0	0	0	0	0	1451	Kodo Calf	
C	4773	7	0	0	0	0	0	3945	Velma Warnam	Riding Trainer
C	1492	5	0	1	0	0	0	10039	Gorlash	
C	4219	7	0	0	0	0	0	2255	Fylerian Nightwing	Druid Trainer
C	11389	7	0	0	0	0	0	11312	Bloodscalp Speaker	Bloodscalp Troll Ambassador
C	2311	7	0	0	0	1	0	3529	Doreen Beltis	
C	2302	7	0	1	0	0	0	14873	Aethalas	Warsong Gulch Battlemaster
C	2668	7	0	0	0	0	0	4273	Danielle Zipstitch	Tailoring Supplies
C	6271	8	0	0	0	0	0	4959	Mouse	
C	379	7	0	0	0	0	0	3367	Darcy	Waitress
C	2968	7	0	0	0	0	0	9409	Galak Outrunner	
C	777	7	0	0	0	0	0	3366	Amy Davenport	Tradeswoman
C	15175	7	0	0	0	0	0	15319	Khur Hornstriker	Reagent Vendor
C	4308	6	0	0	0	0	0	5430	Unfettered Spirit	
C	4560	7	0	0	0	0	0	2654	Walter Ellingson	Heavy Armor Merchant
C	4680	3	0	0	0	0	0	9015	Doomwarder Captain	
C	908	7	0	0	0	0	0	4488	Flora Silverwind	Superior Herbalist
C	1189	1	4	0	1	0	0	762	Black Bear Patriarch	
C	12497	2	0	1	8	0	0	7553	Dreamroarer	
C	3446	7	0	0	0	0	0	7034	Mebok Mizzyrix	
C	11863	7	0	0	0	0	0	11794	Azore Aldamort	The Argent Dawn
C	5725	7	0	0	0	0	0	10192	Deathguard Lundmark	
C	8157	7	0	0	0	0	0	7379	Logannas	Alchemy Supplies
C	2955	1	12	0	1	0	0	1219	Plainstrider	
C	4006	1	3	0	1	0	0	1989	Deepmoss Webspinner	
C	4306	7	0	1	0	0	0	2607	Scarlet Torturer	
C	5269	7	0	1	0	0	0	4776	Atal'ai Priest	
C	2927	7	0	0	0	0	0	12238	Vicious Owlbeast	
C	7947	7	0	0	0	0	0	7017	Vivianna	Trade Supplies
C	11748	7	0	0	0	1	0	11687	Samantha Swifthoof	
C	3772	3	0	0	0	0	0	5049	Lesser Felguard	
C	1371	7	0	0	0	0	0	262	Roman	
C	2485	7	0	0	0	0	0	1470	Larimaine Purdue	Portal Trainer
C	2178	6	0	0	0	0	0	10690	Wailing Highborne	
C	3920	7	0	0	0	0	0	12064	Anilia	
C	277	7	0	0	0	0	0	1433	Roberto Pupellyverbos	Merlot Connoisseur
C	2204	7	0	0	0	0	0	2597	Greymist Netter	
C	4466	7	0	0	0	0	0	6512	Vilebranch Scalper	
C	4713	7	0	0	0	0	0	6747	Slitherblade Warrior	
C	1312	7	0	0	0	0	0	1477	Ardwyn Cailen	Wand Merchant
C	11355	7	0	1	0	0	0	11167	Gurubashi Warrior	
C	2848	8	0	0	0	0	0	7178	Glyx Brewright	Alchemy Supplies
C	1727	7	0	0	0	0	0	341	Defias Worker	
C	5399	7	0	2	0	0	0	6695	Veyzhak the Cannibal	
C	4486	7	0	0	0	0	0	4012	Genavie Callow	
C	14424	4	0	4	0	0	0	631	Mirelow	
C	2451	7	0	0	0	0	0	3630	Farmer Kalaba	
C	3501	7	0	0	0	0	0	4261	Horde Guard	
C	3659	7	0	0	0	0	0	10704	Jorb	Lizzarik's Bodyguard
C	2336	7	0	0	0	0	0	4217	Dark Strand Fanatic	
C	1852	6	0	1	0	0	0	7919	Araj the Summoner	
C	1779	7	0	0	0	0	0	1947	Moonrage Glutton	
C	9035	6	0	1	0	0	0	8686	Anger'rel	
C	3512	7	0	0	0	0	0	251	Jimmy	
C	1016	1	11	0	1	0	0	673	Highland Lashtail	
C	3547	7	0	0	0	1	0	1635	Hamlin Atkins	Mushroom Farmer
C	2639	7	0	0	0	0	0	6491	Vilebranch Axe Thrower	
C	4089	7	0	0	0	0	0	2198	Sildanair	Warrior Trainer
C	225	7	0	0	0	1	0	4331	Gavin Gnarltree	Weaponsmith
C	4079	7	0	0	0	1	0	2182	Sentinel Thenysil	
C	7572	7	0	0	0	0	0	6775	Fallen Hero of the Horde	
C	2565	1	3	0	1	0	0	1104	Giant Plains Creeper	
C	2562	7	0	0	0	0	0	1052	Boulderfist Ogre	
C	2696	7	0	0	0	1	0	1668	Foggy MacKreel	
C	1412	8	0	0	0	0	0	134	Squirrel	
C	3461	1	21	0	1	0	0	6368	Oasis Snapjaw	
C	3486	7	0	0	0	1	0	3875	Halija Whitestrider	Clothier
C	14602	1	0	0	0	0	0	14632	Swift Stormsaber	
C	1313	7	0	0	0	0	0	1482	Maria Lumere	Alchemy Supplies
C	4798	3	0	1	0	0	0	2014	Fallenroot Shadowstalker	
C	14963	7	0	0	0	0	0	15096	Gapp Jinglepocket	Smokywood Pastures
C	1894	7	0	1	0	0	0	3551	Pyrewood Sentry	
C	3713	7	0	0	0	0	0	4765	Wrathtail Wave Rider	
C	5270	6	0	1	0	0	0	4778	Atal'ai Corpse Eater	
C	5406	1	0	0	0	0	0	2408	Palomino	
C	743	2	0	0	0	0	0	7974	Wyrmkin Dreamwalker	
C	985	7	0	0	0	0	0	4556	Malosh	Warrior Trainer
C	791	7	0	0	0	1	0	3368	Lindsay Ashlock	General Supplies
C	13278	4	0	1	0	0	0	10849	Duke Hydraxis	
C	4551	7	0	1	0	0	0	2638	Michael Garrett	Bat Handler
C	3069	7	0	0	0	0	0	3796	Chaw Stronghide	Journeyman Leatherworker
C	3959	7	0	0	0	1	0	2063	Nantar	Baker
C	11712	7	0	0	0	0	0	11682	Lilyn Darkriver	
C	1763	7	0	1	0	0	0	7124	Gilnid	The Smelter
C	11040	7	0	0	0	1	0	10455	Watcher Brownell	The Night Watch
C	3701	7	0	0	0	0	0	4485	Tharnariun Treetender	
C	936	7	0	0	0	0	0	3641	Guard Adams	
C	2314	7	0	0	0	1	0	3521	Sahvan Bloodshadow	
C	4222	7	0	0	0	0	0	2276	Voloren	Fishing Supplier
C	578	7	0	0	0	0	0	391	Murloc Scout	
C	2830	1	7	0	1	0	0	1105	Buzzard	
C	1482	7	0	0	0	0	0	3485	Andrea Halloran	
C	5386	7	0	0	0	0	0	5081	Acolyte Dellis	
C	11812	7	0	0	0	0	0	11739	Claira Kindfeather	
C	1450	7	0	0	0	0	0	3474	Brahnmar	Armorer
C	14731	7	0	0	0	0	0	10714	Lard	Innkeeper
C	8962	7	0	0	0	0	0	257	Hilary	
C	1931	7	0	0	0	0	0	11428	Captured Scarlet Zealot	
C	4161	7	0	0	0	0	0	2216	Lysheana	Guild Master
C	171	7	0	0	0	0	0	1305	Murloc Warrior	
C	7846	2	0	3	0	0	0	6378	Teremus the Devourer	
C	2656	10	0	0	0	0	0	11137	Jade Ooze	
C	1417	1	6	0	1	0	0	1035	Young Wetlands Crocolisk	
C	1493	5	0	1	0	0	0	12812	Mok'rash	
C	11940	7	0	0	0	0	0	11898	Merissa Stilwell	
C	875	7	0	1	0	0	0	391	Saltscale Tide Lord	
C	10017	8	0	0	0	0	0	2177	Tainted Cockroach	
C	5981	7	0	0	0	0	0	10921	Portal Seeker	
C	1744	7	0	0	0	0	0	2860	Deathguard Mort	
C	5259	7	0	1	0	0	0	6670	Atal'ai Witch Doctor	
C	14301	7	0	0	0	0	0	14353	Brinna Valanaar	Bowyer
C	1721	7	0	0	0	0	0	1815	Nikova Raskol	
C	1988	3	0	0	0	0	0	6806	Grell	
C	9600	8	0	0	0	0	0	8816	Parrot	
C	1549	3	0	0	0	0	0	3916	Ravenous Darkhound	
C	11564	1	0	0	0	0	0	7933	Gizelton Caravan Kodo	
C	7296	7	0	0	0	0	0	6063	Corand	
C	1026	7	0	0	0	0	0	1305	Bluegill Forager	
C	826	7	0	0	0	0	0	2389	Watcher Jan	The Night Watch
C	8757	3	0	1	0	0	0	1913	Shahiar	Loramus's Guardian
C	6378	1	0	0	0	0	0	10893	Thunderhead Skystormer	
C	3969	7	0	0	0	1	0	2059	Fahran Silentblade	Tools & Supplies
C	2334	10	0	0	0	0	0	11686	Event Generator 001	
C	7877	7	0	0	0	0	0	6988	Latronicus Moonspear	
C	14532	1	3	1	9	0	0	14950	Razzashi Venombrood	
C	4832	7	0	1	0	0	0	4939	Twilight Lord Kelris	
C	1664	7	0	0	0	0	0	1737	Captain Vachon	
C	3549	7	0	0	0	1	0	1607	Shelene Rhobart	Journeyman Leatherworker
C	2464	7	0	1	0	0	0	1735	Commander Aggro'gosh	
C	1020	1	11	0	1	0	0	960	Mottled Raptor	
C	1347	7	0	0	0	0	0	1497	Alexandra Bolero	Tailoring Supplies
C	4146	7	0	0	0	0	0	2206	Jocaste	Hunter Trainer
C	1032	10	0	0	0	0	0	767	Black Ooze	
C	1402	7	0	0	0	0	0	1438	Topper McNabb	
C	2261	7	0	0	0	0	0	3623	Syndicate Watchman	
C	4455	7	0	0	0	0	0	796	Red Jack Flint	
C	745	2	0	0	0	0	0	7976	Scalebane Captain	
C	5750	7	0	0	0	0	0	4176	Gina Lang	Demon Trainer
C	987	7	0	0	0	0	0	4560	Ogromm	Hunter Trainer
C	7900	7	0	0	0	0	0	6987	Angelas Moonbreeze	
C	11797	7	0	0	0	0	0	11772	Moren Riverbend	
C	11798	7	0	0	0	0	0	11773	Bunthen Plainswind	Thunder Bluff Flight Master
C	3078	7	0	0	0	0	0	3803	Kennah Hawkseye	Gunsmith
C	2971	1	7	0	1	0	0	10824	Taloned Swoop	
C	4681	3	0	0	0	0	0	6172	Mage Hunter	
C	10119	5	0	2	0	0	0	12232	Volchan	
C	2879	7	0	0	0	0	0	5043	Karrina Mekenda	Pet Trainer
C	1943	6	0	0	0	0	0	10856	Raging Rot Hide	
C	3928	10	0	0	0	0	0	2028	Rotting Slime	
C	4226	7	0	0	0	0	0	2272	Ulthir	Alchemy Supplies
C	13896	1	21	2	0	0	0	7046	Scalebeard	
C	423	7	0	0	0	0	0	487	Redridge Mongrel	
C	9690	1	1	0	1	0	0	9371	Ember Worg	
C	6170	7	0	0	0	0	0	203	Gutspill	
C	11816	7	0	0	0	0	0	11748	Una Ji'ro	
C	4549	7	0	0	0	0	0	2655	William Montague	Banker
C	1461	7	0	0	0	0	0	3477	Murndan Derth	Gunsmith
C	4164	7	0	0	0	0	0	2199	Cylania	Night Elf Armorer
C	574	1	3	4	1	0	0	963	Naraxis	
C	4589	7	0	0	0	0	0	2635	Joseph Moore	Leatherworking Supplies
C	12658	7	0	0	0	0	0	12609	Adam Lind	
C	8177	7	0	0	0	0	0	7389	Rartar	Alchemy Supplies
C	628	1	1	0	1	0	0	741	Black Ravager	
C	456	7	0	0	0	0	0	486	Murloc Minor Oracle	
C	14507	7	0	3	76	0	0	15217	High Priest Venoxis	
C	7882	7	0	0	0	0	0	11387	Security Chief Bilgewhizzle	Water Co. Security
C	6560	4	0	1	0	0	0	8395	Stone Guardian	
C	12720	7	0	0	0	0	0	12936	Framnali	
C	767	1	2	0	1	0	0	632	Swamp Jaguar	
C	468	7	0	0	0	1	0	4310	Town Crier	
C	4613	7	0	0	0	0	0	2621	Christopher Drakul	Guild Master
C	6946	7	0	0	0	0	0	7613	Renzik "The Shiv"	SI:7 Operative
C	5782	7	0	1	0	0	0	4271	Crildor	
C	1770	7	0	0	0	0	0	729	Moonrage Darkrunner	
C	1735	7	0	0	0	0	0	2852	Deathguard Abraham	
C	14721	7	0	1	0	0	0	14733	Field Marshal Afrasiabi	
C	733	7	0	0	0	1	0	4393	Sergeant Yohwa	
C	10184	2	0	3	108	0	0	8570	Onyxia	
C	11910	7	0	0	0	0	0	11878	Grimtotem Ruffian	
C	1713	1	2	0	1	0	0	11452	Elder Shadowmaw Panther	
C	5349	1	27	4	1	0	0	7569	Arash-ethis	
C	4807	7	0	1	0	0	0	4762	Blackfathom Myrmidon	
C	12360	1	0	0	0	0	0	6448	Riding Striped Nightsaber	
C	270	7	0	0	0	0	0	1724	Councilman Millstipe	Council of Darkshire
C	8384	4	0	1	0	0	0	631	Deep Lurker	
C	4073	9	0	0	0	0	0	1269	XT:4	
C	741	2	0	0	0	0	0	621	Dreaming Whelp	
C	691	4	0	0	0	0	0	5561	Lesser Water Elemental	
C	534	7	0	4	0	0	0	11181	Nefaru	
C	5493	7	0	0	0	0	0	3285	Arnold Leland	Fishing Trainer
C	794	7	0	0	0	0	0	338	Matt	
C	3894	7	0	0	0	1	0	4169	Pelturas Whitemoon	
C	664	7	0	0	0	0	0	221	Benjamin Carevin	
C	8579	7	0	0	0	0	0	7902	Yeh'kinya	
C	3622	7	0	0	0	0	0	4295	Grokor	Pet Trainer
C	3496	7	0	0	0	0	0	7058	Fuzruckle	Banker
C	2561	1	11	0	1	0	0	961	Highland Fleshstalker	
C	686	1	11	0	1	0	0	788	Lashtail Raptor	
C	4815	7	0	1	0	0	0	2835	Murkshallow Snapclaw	
C	10779	8	0	0	0	0	0	10090	Infected Squirrel	
C	3464	7	0	0	0	1	0	3846	Gazrog	
C	1866	6	0	0	0	0	0	829	Ravenclaw Slave	
C	806	7	0	0	0	0	0	338	John	
C	4391	10	0	0	0	0	0	1145	Swamp Ooze	
C	15165	7	0	0	0	0	0	15300	Haughty Modiste	Fashion Designer
C	2132	7	0	0	0	0	0	1601	Carolai Anise	Journeyman Alchemist
C	4398	1	21	0	1	0	0	7837	Mudrock Burrower	
C	4393	10	0	0	0	0	0	11137	Acidic Swamp Ooze	
C	12943	7	0	0	0	0	0	12975	Werg Thickblade	Leatherworking Supplies
C	3817	1	0	0	0	0	0	1991	Shadowhorn Stag	
C	5547	7	0	0	0	0	0	4548	Grunt Tharlak	
C	11944	7	0	0	0	0	0	11902	Vorn Skyseer	
C	3615	7	0	1	0	0	0	1652	Devrak	Wind Rider Master
C	1529	6	0	0	0	0	0	1198	Bleeding Horror	
C	11356	7	0	1	8	0	0	11100	Gurubashi Champion	
C	11387	7	0	0	8	0	0	11314	Sandfury Speaker	Sandfury Troll Ambassador
C	1310	7	0	0	0	0	0	1489	Evan Larson	Hatter
C	4822	1	8	1	1	0	0	1001	Snapping Crustacean	
C	11609	7	0	0	0	1	0	11457	Alexia Ironknife	
C	276	7	0	0	0	0	0	4326	Viktori Prism'Antras	
C	391	7	0	0	0	0	0	5243	Old Murk-Eye	
C	6121	7	0	0	0	0	0	4866	Remen Marcot	
C	11194	7	0	0	0	0	0	11406	Argent Defender	The Argent Dawn
C	2169	7	0	0	0	0	0	6821	Blackwood Totemic	
C	1784	6	0	0	0	0	0	11403	Skeletal Sorcerer	
C	4700	1	0	0	0	0	0	1308	Aged Kodo	
C	14753	7	0	1	0	0	0	14784	Illiyana Moonblaze	Silverwing Supply Officer
C	12902	7	0	1	0	0	0	12822	Lorgus Jett	
C	14229	7	0	4	0	0	0	9135	Accursed Slitherblade	
C	3068	1	12	4	1	0	0	1961	Mazzranache	
C	5499	7	0	0	0	0	0	3295	Lilyssia Nightbreeze	Expert Alchemist
C	3245	1	12	0	1	0	0	6076	Ornery Plainstrider	
C	8311	1	0	0	0	0	0	7571	Slime Maggot	
C	6350	7	0	0	0	0	0	1247	Makrinni Razorclaw	
C	4217	7	0	0	0	0	0	2261	Mathrengyl Bearwalker	Druid Trainer
C	3387	7	0	0	0	0	0	3845	Jorn Skyseer	
C	7884	7	0	0	0	0	0	7001	Fraggar Thundermantle	
C	5996	7	0	0	0	0	0	6719	Nethergarde Miner	
C	2714	7	0	0	0	0	0	4041	Forsaken Courier	
C	5814	7	0	0	0	0	0	4353	Innkeeper Thulbek	Innkeeper
C	3810	1	4	0	1	0	0	982	Elder Ashenvale Bear	
C	861	7	0	0	0	0	0	4497	Stonard Scout	
C	4280	7	0	1	0	0	0	2475	Scarlet Preserver	
C	900	7	0	0	0	0	0	5009	Bailiff Conacher	
C	1912	7	0	0	0	0	0	3602	Dalaran Protector	
C	847	7	0	0	0	0	0	338	Nathan	
C	2354	1	4	0	1	0	0	1007	Vicious Gray Bear	
C	583	7	0	0	0	0	0	184	Defias Ambusher	
C	15679	7	0	0	0	0	0	7996	Auctioneer Cazarez	
C	11037	7	0	0	0	0	0	10575	Jenna Lemkenilli	Journeyman Engineer
C	7379	7	0	0	0	0	0	11537	Deadwind Ogre Mage	
C	5564	7	0	0	0	0	0	3449	Simon Tanner	Expert Leatherworker
C	891	7	0	0	0	0	0	326	Splinter Fist Fire Weaver	
C	11351	7	0	1	8	0	0	11109	Gurubashi Headhunter	
C	2120	7	0	0	0	0	0	3601	Archmage Ataeric	
C	8898	7	0	1	0	0	0	8751	Anvilrage Marshal	
C	3967	7	0	0	0	1	0	2053	Aayndia Floralwind	Expert Leatherworker
C	14733	7	0	1	0	0	0	14813	Sentinel Farsong	
C	7668	7	0	0	0	0	0	6847	Servant of Razelikh	
C	15722	7	0	0	0	0	0	15685	Squire Leoren Mal'derath	Stable Master
C	5489	7	0	0	0	0	0	3283	Brother Joshua	Priest Trainer
C	4284	7	0	1	0	0	0	2495	Scarlet Augur	
C	500	7	0	0	0	0	0	374	Riverpaw Scout	
C	8667	4	0	0	0	0	0	8715	Gusting Vortex	
C	2131	7	0	0	0	0	0	1599	Austil de Mon	Warrior Trainer
C	1478	7	0	0	0	0	0	1519	Aedis Brom	
C	7406	7	0	0	0	0	0	6710	Oglethorpe Obnoticus	Master Gnome Engineer
C	5997	7	0	0	0	0	0	6711	Nethergarde Engineer	
C	13321	8	0	0	0	0	0	6297	Frog	
C	7044	2	0	1	0	0	0	6374	Black Drake	
C	7885	7	0	0	0	0	0	11267	Spitelash Battlemaster	
C	8307	7	0	0	0	1	0	7531	Tarban Hearthgrain	Baker
C	2331	7	0	0	0	0	0	252	Paige Chaddis	
C	10801	6	0	0	0	0	0	10487	Jabbering Ghoul	
C	6011	3	0	0	0	0	0	9017	Felguard Sentry	
C	1368	7	0	0	0	0	0	221	Justin	
C	1400	1	6	0	1	0	0	1036	Wetlands Crocolisk	
C	78	7	0	0	0	0	0	3275	Janos Hammerknuckle	Weaponsmith
C	8913	7	0	1	0	0	0	8772	Twilight Emissary	
C	9776	3	0	0	0	0	0	10815	Flamekin Spitter	
C	1548	3	0	0	0	0	0	9020	Cursed Darkhound	
C	7045	2	0	1	0	0	0	9585	Scalding Drake	
C	11050	7	0	0	0	0	0	10582	Trianna	Journeyman Tailor
C	712	7	0	0	0	0	0	489	Redridge Thrasher	
C	10118	7	0	0	0	1	0	9344	Nessa Shadowsong	Fishing Supplies
C	7384	1	0	0	0	0	0	5586	Cornish Rex	
C	1939	6	0	0	0	0	0	10851	Rot Hide Brute	
C	11444	7	0	1	0	0	0	11537	Gordok Mage-Lord	
C	4091	7	0	0	0	0	0	2201	Jandria	Priest Trainer
C	2423	7	0	0	0	0	0	1833	Lord Aliden Perenolde	
C	874	7	0	0	0	0	0	2369	Protector Korelor	The People's Militia
C	1430	7	0	0	0	0	0	1293	Tomas	Cook
C	3067	7	0	0	0	0	0	3795	Pyall Silentstride	Cook
C	152	7	0	0	0	0	0	3277	Brother Danil	General Supplies
C	4355	1	11	0	1	0	0	2574	Bloodfen Scytheclaw	
C	1888	7	0	0	0	0	0	3566	Dalaran Watcher	
C	3663	7	0	0	0	1	0	2531	Delgren the Purifier	
C	375	7	0	0	0	0	0	3344	Priestess Anetta	Priest Trainer
C	4423	4	0	0	0	0	0	2451	Darnassian Protector	
C	2050	7	0	0	0	0	0	4011	Raleigh Andrean	Ex-Chef
C	235	7	0	0	0	1	0	1691	Salma Saldean	
C	338	7	0	0	0	0	0	5080	Mazen Mac'Nadir	Academy of Arcane Arts and Sciences
C	4230	7	0	0	0	0	0	2277	Yldan	Bag Merchant
C	11068	7	0	0	0	0	0	10591	Betty Quin	Journeyman Enchanter
C	7016	7	0	4	0	0	0	4982	Lady Vespira	
C	2579	1	7	0	1	0	0	1105	Mesa Buzzard	
C	6034	7	0	0	0	0	0	5186	Lotherias	
C	4229	7	0	0	0	0	0	2264	Mythrin'dir	General Trade Supplier
C	119	1	5	0	1	0	0	381	Longsnout	
C	5228	10	0	1	0	0	0	682	Saturated Ooze	
C	2269	7	0	0	0	0	0	3629	Hillsbrad Miner	
C	790	7	0	0	0	1	0	3363	Karen Taylor	Mining and Smithing Supplies
C	14741	7	0	0	0	0	0	14773	Huntsman Markhor	Stable Master
C	920	7	0	0	0	0	0	1098	Nightbane Tainted One	
C	1216	1	8	0	1	0	0	9570	Shore Crawler	
C	4192	7	0	0	0	1	0	4405	Taldan	Drink Vendor
C	885	7	0	0	0	0	0	2392	Watcher Keller	The Night Watch
C	889	7	0	0	0	0	0	415	Splinter Fist Ogre	
C	9037	6	0	1	0	0	0	8689	Gloom'rel	
C	4191	7	0	0	0	0	0	4403	Allyndia	Food & Drink Vendor
C	11656	7	0	0	0	0	0	11857	Horde Peon	
C	238	7	0	0	0	1	0	1692	Verna Furlbrow	
C	6004	7	0	0	0	0	0	7838	Shadowsworn Cultist	
C	6737	7	0	0	0	1	0	5441	Innkeeper Shaussiy	Innkeeper
C	14448	4	0	4	0	0	0	14497	Molt Thorn	
C	5288	1	1	0	1	0	0	3203	Rabid Longtooth	
C	4995	7	0	0	0	0	0	2989	Stockade Guard	
C	12864	7	0	0	0	1	0	11871	Warsong Outrider	
C	3691	7	0	1	0	0	0	1980	Raene Wolfrunner	
C	5651	7	0	0	0	0	0	6228	Patrick Garrett	
C	717	7	0	0	0	0	0	1658	Ajeck Rouack	
C	11608	7	0	0	0	1	0	11456	Bardu Sharpeye	
C	3594	7	0	0	0	0	0	1725	Frahun Shadewhisper	Rogue Trainer
C	1012	7	0	0	0	0	0	3196	Mosshide Brute	
C	622	7	0	1	0	0	0	7109	Goblin Engineer	
C	8976	2	0	2	0	0	0	6369	Hematos	
C	11698	10	0	1	0	0	0	12149	Hive'Ashi Stinger	
C	3234	1	0	0	0	0	0	10918	Lost Barrens Kodo	
C	4323	2	0	0	0	0	0	715	Searing Hatchling	
C	3562	7	0	0	0	0	0	2203	Alaindia	Reagent Vendor
C	1537	7	0	0	0	0	0	2483	Scarlet Zealot	
C	11942	7	0	0	0	0	0	11900	Orenthil Whisperwind	
C	14488	7	0	4	0	0	0	5782	Roloch	
C	12656	7	0	0	0	1	0	14954	Thamarian	
C	931	7	0	1	0	0	0	3364	Ariena Stormfeather	Gryphon Master
C	12577	7	0	1	0	0	0	12926	Jarrodenus	Hippogryph Master
C	6387	7	0	0	0	0	0	5108	Dranh	Skinner
C	7764	7	0	0	0	0	0	6989	Troyas Moonbreeze	
C	10216	7	0	0	0	1	0	9550	Gubber Blump	
C	4011	1	0	0	0	0	0	2154	Young Pridewing	
C	932	7	0	0	0	0	0	3384	Guard Ashlock	
C	3275	7	0	0	0	0	0	4874	Kolkar Marauder	
C	675	7	0	0	0	0	0	7196	Venture Co. Foreman	
C	14529	3	0	1	0	0	0	14586	Franklin the Friendly	
C	157	1	5	0	1	0	0	3027	Goretusk	
C	5193	7	0	0	0	0	0	3133	Rebecca Laughlin	Tabard Vendor
C	5921	11	0	0	0	0	0	4588	Strength of Earth Totem II	
C	10920	7	0	0	0	0	0	10649	Kelek Skykeeper	Emerald Circle
C	11822	7	0	0	0	0	0	11774	Moonglade Warden	
C	7670	7	0	0	0	0	0	6855	Servant of Allistarj	
C	8216	7	0	4	0	0	0	6512	Retherokk the Berserker	
C	3397	7	0	0	0	0	0	9447	Kolkar Bloodcharger	
C	11874	7	0	0	0	0	0	11650	Masat T'andr	Superior Leatherworker
C	7770	7	0	0	0	0	0	7000	Winkey	
C	1063	2	0	2	0	0	0	7975	Jade	
C	1451	7	0	0	0	0	0	3462	Camerick Jongleur	Wandering Minstrel
C	1484	7	0	0	0	0	0	3489	Derina Rumdnul	
C	3429	7	0	0	0	1	0	3856	Thork	
C	1319	7	0	0	0	0	0	1510	Bryan Cross	Shield Merchant
C	6368	8	0	0	0	0	0	5585	Cat	
C	7584	4	0	0	0	0	0	9592	Wandering Forest Walker	
C	5483	7	0	0	0	0	0	3288	Erika Tate	Cooking Supplier
C	8934	7	0	0	0	1	0	8186	Christopher Hewen	General Trade Goods Vendor
C	4982	7	0	0	0	0	0	262	Thomas	Altar Boy
C	2129	7	0	0	0	0	0	1602	Dark Cleric Beryl	Priest Trainer
C	465	7	0	0	0	0	0	3266	Barkeep Dobbins	Bartender
C	10060	7	0	0	0	0	0	9284	Grimestack	Stable Master
C	1974	6	0	0	0	0	0	828	Ravenclaw Drudger	
C	1805	6	0	1	0	0	0	1693	Flesh Golem	
C	5042	7	0	0	0	0	0	2993	Nurse Lillian	
C	933	7	0	0	0	0	0	3450	Guard Hiett	
C	5668	7	0	0	0	0	0	4004	Mattie Alred	
C	5546	7	0	0	0	0	0	4550	Grunt Zuul	
C	1776	7	0	0	0	0	0	11650	Magtoor	
C	377	7	0	0	0	0	0	1295	Priestess Josetta	Priest Trainer
C	3488	7	0	0	0	1	0	1866	Uthrok	Bowyer & Gunsmith
C	981	7	0	0	0	0	0	4561	Hartash	Weapon Merchant
C	5384	7	0	0	0	0	0	5079	Brohann Caskbelly	Explorers' League
C	10878	7	0	0	0	1	0	10185	Herald Moonstalker	
C	2679	7	0	0	0	0	0	1620	Wenna Silkbeard	Special Goods Dealer
C	1743	7	0	0	0	0	0	2857	Deathguard Lawrence	
C	1351	7	0	0	0	0	0	1501	Brother Cassius	Reagent Vendor
C	2693	7	0	0	0	0	0	6546	Highvale Marksman	
C	739	7	0	0	0	1	0	4392	Brother Nimetz	
C	3818	1	0	0	0	0	0	1992	Elder Shadowhorn Stag	
C	1453	7	0	0	0	0	0	1895	Dewin Shimmerdawn	Alchemy Supplies
C	7376	1	0	0	0	0	0	10826	Sky Shadow	
C	1443	7	0	0	0	0	0	4554	Fel'zerul	
C	795	7	0	0	0	0	0	338	Mark	
C	858	1	3	0	1	0	0	2543	Sorrow Spinner	
C	4218	7	0	0	0	0	0	2250	Denatharion	Druid Trainer
C	330	1	5	0	1	0	0	8871	Princess	
C	4401	7	0	0	0	0	0	2426	Muckshell Clacker	
C	1289	7	0	0	0	0	0	1429	Gunther Weller	Weapons Merchant
C	5871	7	0	0	0	1	0	4525	Larhka	Beverage Merchant
C	1423	7	0	0	0	0	0	3258	Stormwind Guard	
C	61	7	0	4	0	0	0	3341	Thuros Lightfingers	
C	5820	7	0	0	0	0	0	4379	Gillian Moore	Leather Armor Merchant
C	4729	1	0	0	0	0	0	7345	Hulking Gritjaw Basilisk	
C	6377	1	0	0	0	0	0	10894	Thunderhead Stagwing	
C	10782	7	0	0	0	0	0	10131	Royal Factor Bathrilor	Stormwind Census
C	3497	7	0	0	0	0	0	7097	Kilxx	Fisherman
C	754	7	0	0	0	0	0	4660	Rebel Watchman	
C	2578	1	7	0	1	0	0	10824	Young Mesa Buzzard	
C	14379	7	0	1	0	0	0	14418	Huntress Ravenoak	
C	4591	7	0	0	0	0	0	2670	Mary Edras	First Aid Trainer
C	3511	7	0	0	0	0	0	262	Steven	
C	3085	7	0	0	0	0	0	3375	Gloria Femmel	Cooking Supplies
C	4692	1	7	0	1	0	0	1192	Dread Swoop	
C	8856	9	0	0	0	0	0	1159	Tyrion's Spybot	
C	3658	7	0	0	0	0	0	7057	Lizzarik	Weapon Dealer
C	1039	4	0	0	0	0	0	713	Fen Dweller	
C	10739	7	0	0	0	0	0	10069	Mulgris Deepriver	
C	2914	8	0	0	0	0	0	1206	Snake	
C	1109	1	7	0	1	0	0	2305	Fleshripper	
C	8761	1	0	0	0	0	0	10957	Mosshoof Courser	
C	2505	1	21	0	1	0	0	5027	Saltwater Snapjaw	
C	1463	7	0	0	0	0	0	3467	Falkan Armonis	Reagent Vendor
C	4329	2	0	0	0	0	0	143	Firemane Scout	
C	1178	7	0	1	0	0	0	1122	Mo'grosh Ogre	
C	14737	7	0	0	0	0	0	14769	Smith Slagtree	Blacksmithing Supplies
C	8409	7	0	0	0	0	0	4765	Caravan Master Tset	
C	2654	7	0	0	0	0	0	6487	Witherbark Caller	
C	7765	5	0	0	0	1	0	1918	Rockbiter	
C	328	7	0	0	0	0	0	1294	Zaldimar Wefhellt	Mage Trainer
C	5477	7	0	0	0	0	0	10920	Noboru the Cudgel	
C	805	7	0	0	0	0	0	262	Cameron	
C	198	7	0	0	0	0	0	5001	Khelden Bremen	Mage Trainer
C	4651	7	0	0	0	0	0	9424	Gelkis Earthcaller	
C	14888	2	0	3	44	0	0	15365	Lethon	
C	582	8	0	0	0	0	0	236	Old Blanchy	
C	11022	7	0	1	0	0	0	10456	Alexi Barov	House of Barov
C	9584	7	0	0	0	0	0	8809	Jalane Ayrole	Master Shadoweave Tailor
C	6086	7	0	0	0	0	0	4845	Auberdine Sentinel	
C	9619	7	0	0	0	0	0	8832	Torwa Pathfinder	
C	11053	7	0	0	0	0	0	10549	High Priestess MacDonnell	
C	1019	1	11	0	1	0	0	788	Elder Razormaw	
C	8405	7	0	0	0	0	0	1012	Ogtinc	
C	7049	2	0	0	0	0	0	457	Flamescale Broodling	
C	1632	7	0	0	0	0	0	3335	Adele Fielder	Journeyman Leatherworker
C	3106	1	8	0	1	0	0	1307	Pygmy Surf Crawler	
C	14439	7	0	1	0	0	0	14493	Officer Brady	
C	1553	1	24	0	1	0	0	4734	Greater Duskbat	
C	80	7	0	0	0	0	0	365	Kobold Laborer	
C	769	1	3	0	1	0	0	336	Deathstrike Tarantula	
C	15991	7	0	1	0	1	0	15947	Lady Dena Kennedy	
C	3418	7	0	0	0	1	0	3818	Kirge Sternhorn	
C	14450	7	0	0	0	0	0	14500	Orphan Matron Nightingale	
C	5888	7	0	0	0	0	0	4533	Seer Ravenfeather	
C	2563	1	3	0	1	0	0	1103	Plains Creeper	
C	3505	7	0	0	0	0	0	257	Pat	
C	6298	7	0	0	0	0	0	5020	Thelgrum Stonehammer	Mining Supplier
C	331	7	0	0	0	0	0	1484	Maginor Dumas	Master Mage
C	3469	7	0	0	0	0	0	1461	Ancient of War	
C	6033	10	0	0	0	0	0	7449	Lake Frenzy	
C	1152	1	6	0	1	0	0	833	Snapjaw Crocolisk	
C	8298	7	0	4	0	0	0	10920	Akubar the Seer	
C	565	1	1	0	1	0	0	802	Rabid Dire Wolf	
C	6195	7	0	0	0	0	0	11266	Spitelash Siren	
C	5503	7	0	0	0	0	0	3297	Eldraeith	Herbalism Supplier
C	9956	7	0	0	0	0	0	9309	Shadowforge Flame Keeper	
C	6740	7	0	0	0	0	0	5444	Innkeeper Allison	Innkeeper
C	2184	6	0	4	0	0	0	5774	Lady Moongazer	
C	6547	7	0	0	0	0	0	1027	Suffering Victim	
C	2552	7	0	0	0	0	0	3986	Witherbark Troll	
C	9176	7	0	0	0	0	0	11553	Gor'tesh	
C	4225	7	0	0	0	0	0	2265	Saenorion	Leatherworking Supplies
C	715	7	0	0	0	0	0	1410	Hemet Nesingwary	
C	11625	7	0	0	0	0	0	11629	Cork Gizelton	
C	2321	1	12	0	1	0	0	1042	Foreststrider Fledgling	
C	4402	7	0	0	0	0	0	2598	Muckshell Snapclaw	
C	1041	4	0	0	0	0	0	2024	Fen Lord	
C	2099	7	0	0	0	0	0	793	Maiden's Virtue Crewman	
C	1404	7	0	0	0	1	0	4372	Kragg	Hunter Trainer
C	4726	1	0	0	0	0	0	2742	Raging Thunder Lizard	
C	10919	7	0	0	0	0	0	10249	Shatterspear Troll	
C	2849	7	0	0	0	0	0	7187	Qixdi Goodstitch	Cloth Armor and Accessories
C	6735	7	0	0	0	0	0	5439	Innkeeper Saelienne	Innkeeper
C	5607	7	0	0	0	0	0	338	Roger	
C	7855	7	0	0	0	0	0	6944	Southsea Pirate	
C	8670	7	0	0	0	0	0	7991	Auctioneer Chilton	
C	3644	7	0	0	0	1	0	1757	Cerellean Whiteclaw	
C	2497	7	0	0	0	1	0	4569	Nimboya	
C	15498	7	0	0	0	0	0	15477	Windcaller Yessendra	
C	1444	7	0	0	0	0	0	5549	Brother Kristoff	
C	1292	7	0	0	0	0	0	1449	Maris Granger	Skinning Trainer
C	9877	3	0	0	0	0	0	11335	Prince Xavalis	
C	4820	7	0	1	0	0	0	3617	Blindlight Oracle	
C	1028	7	0	0	0	0	0	1079	Bluegill Muckdweller	
C	5405	1	0	0	0	0	0	2409	Pinto	
C	903	7	0	0	0	0	0	3446	Guard Howe	
C	9156	7	0	1	0	0	0	8329	Ambassador Flamelash	
C	6367	7	0	0	0	0	0	5086	Donni Anthania	Crazy Cat Lady
C	3468	7	0	0	0	0	0	1460	Ancient of Lore	
C	8665	7	0	0	0	0	0	7934	Shylenai	Owl Trainer
C	11825	7	0	0	0	0	0	11742	Paige Felixe	
C	2596	7	0	0	0	0	0	5765	Daggerspine Sorceress	
C	9447	7	0	1	0	0	0	10376	Scarlet Warder	
C	8896	7	0	0	0	0	0	8793	Shadowforge Peasant	
C	866	7	0	0	0	0	0	4503	Stonard Grunt	
C	1437	7	0	0	0	0	0	3484	Thomas Booker	
C	3848	7	0	0	0	1	0	4170	Kayneth Stillwind	
C	892	7	0	0	0	0	0	11567	Splinter Fist Taskmaster	
C	1314	7	0	0	0	0	0	1488	Duncan Cullen	Light Armor Merchant
C	9660	7	0	0	0	0	0	8929	Agnar Beastamer	
C	4205	7	0	0	0	0	0	2251	Dorion	Hunter Trainer
C	2795	7	0	0	0	0	0	1505	Lenny "Fingers" McCoy	
C	2498	7	0	0	0	0	0	7168	Crank Fizzlebub	
C	8219	7	0	4	0	0	0	6479	Zul'arek Hatefowler	
C	641	7	0	1	0	0	0	7111	Goblin Woodcarver	
C	1405	7	0	0	0	0	0	1524	Morris Lawry	
C	11070	7	0	0	0	0	0	10592	Lalina Summermoon	Journeyman Enchanter
C	6649	7	0	4	0	0	0	11261	Lady Sesspira	
C	2111	7	0	0	0	0	0	1407	Sida	
C	5495	7	0	0	0	0	0	3291	Ursula Deline	Warlock Trainer
C	11081	7	0	0	0	0	0	10616	Faldron	Expert Leatherworker
C	2796	7	0	0	0	0	0	2232	Faelyssa	
C	8119	7	0	0	0	0	0	7332	Zikkel	Banker
C	113	1	5	0	1	0	0	503	Stonetusk Boar	
C	12498	2	0	1	8	0	0	7553	Dreamstalker	
C	10089	7	0	0	0	0	0	9339	Silvaria	Pet Trainer
C	8310	7	0	0	0	0	0	7537	Watcher Wollpert	The Night Watch
C	7881	7	0	0	0	0	0	7027	Stoley	
C	6510	10	0	0	0	0	0	11635	Bloodpetal Flayer	
C	480	9	0	0	0	0	0	514	Rusty Harvest Golem	
C	5400	6	0	2	0	0	0	6693	Zekkis	
C	8276	1	0	0	0	0	0	1149	Soaring Razorbeak	
C	6785	7	0	0	0	0	0	5508	Ratslin Maime	
C	3479	7	0	0	0	1	0	3869	Nargal Deatheye	Weaponsmith
C	1413	7	0	0	0	0	0	1472	Janey Anship	
